id,symbol,direction,setupId,decidedAt,openedAt,closedAt,durationMinutes,entry,exit,stop,target,quantity,exitReason,riskMoney,grossPnl,commission,netPnl,r,liquidity,strongLiquidity,structure,score,entryHourUtc
pos-rs-ord-4,USDJPY,LONG,USDJPY-LONG-2010-01-13T18:45:00.000Z,2010-01-13T18:45:00.000Z,2010-01-13T18:50:00.000Z,2010-01-13T19:00:00.000Z,10,91.429,91.316,91.318,91.864,0.93,STOP,112.84,-115.01,6.51,-121.52,-1.08,SWING_LOW,false,BOS,14,18
pos-rs-ord-8,EURUSD,LONG,EURUSD-LONG-2010-02-09T17:30:00.000Z,2010-02-09T17:30:00.000Z,2010-02-09T17:40:00.000Z,2010-02-10T15:20:00.000Z,1300,1.38189,1.36906,1.36908,1.40874,0.09,STOP,115.29,-115.47,0.63,-116.1,-1.01,SWING_LOW,false,BOS,14,17
pos-rs-ord-10,USDJPY,SHORT,USDJPY-SHORT-2010-02-23T19:00:00.000Z,2010-02-23T19:00:00.000Z,2010-02-23T19:05:00.000Z,2010-02-23T23:40:00.000Z,275,90.034,90.284,90.282,89.244,0.43,STOP,118.47,-119.12,3.01,-122.13,-1.03,SWING_HIGH,false,BOS,14,19
pos-rs-ord-11,USDJPY,SHORT,USDJPY-SHORT-2010-02-24T00:15:00.000Z,2010-02-24T00:15:00.000Z,2010-02-24T00:35:00.000Z,2010-02-24T01:40:00.000Z,65,90.214,90.29,90.288,89.904,1.31,STOP,107.5,-110.32,9.17,-119.49,-1.11,SWING_HIGH,false,CHOCH,14,0
pos-rs-ord-13,USDJPY,LONG,USDJPY-LONG-2010-03-01T16:15:00.000Z,2010-03-01T16:15:00.000Z,2010-03-01T16:30:00.000Z,2010-03-02T09:30:00.000Z,1020,89.319,88.975,88.977,90.324,0.31,STOP,118.61,-119.73,2.17,-121.9,-1.03,SWING_LOW,false,CHOCH,14,16
pos-rs-ord-14,GBPUSD,SHORT,GBPUSD-SHORT-2010-03-02T15:30:00.000Z,2010-03-02T15:30:00.000Z,2010-03-02T15:55:00.000Z,2010-03-02T23:45:00.000Z,470,1.49359,1.4991,1.49908,1.47804,0.22,STOP,120.78,-121.22,1.54,-122.76,-1.02,SWING_HIGH,false,CHOCH,14,15
pos-rs-ord-15,GBPUSD,LONG,GBPUSD-LONG-2010-03-08T07:30:00.000Z,2010-03-08T07:30:00.000Z,2010-03-08T08:05:00.000Z,2010-03-08T11:30:00.000Z,205,1.51669,1.51264,1.51266,1.52664,0.29,STOP,116.87,-117.45,2.03,-119.48,-1.02,ASIAN_LOW,true,CHOCH,16,8
pos-rs-ord-21,GBPUSD,SHORT,GBPUSD-SHORT-2010-03-21T22:30:00.000Z,2010-03-21T22:30:00.000Z,2010-03-21T23:20:00.000Z,2010-03-22T04:50:00.000Z,330,1.50059,1.49454,1.50252,1.49454,0.59,TARGET,113.87,356.95,4.13,352.82,3.1,PDH,true,BOS,16,23
pos-rs-ord-23,EURUSD,LONG,EURUSD-LONG-2010-04-01T07:00:00.000Z,2010-04-01T07:00:00.000Z,2010-04-01T07:05:00.000Z,2010-04-01T07:25:00.000Z,20,1.35069,1.34927,1.34929,1.35604,0.81,STOP,113.4,-115.02,5.67,-120.69,-1.06,SWING_LOW,false,CHOCH,14,7
pos-rs-ord-24,USDJPY,SHORT,USDJPY-SHORT-2010-04-06T02:15:00.000Z,2010-04-06T02:15:00.000Z,2010-04-06T02:55:00.000Z,2010-04-06T19:35:00.000Z,1000,94.189,93.674,94.389,93.674,0.54,TARGET,114.67,296.69,3.78,292.91,2.55,SWING_HIGH,false,BOS,14,2
pos-rs-ord-26,GBPUSD,SHORT,GBPUSD-SHORT-2010-04-07T01:15:00.000Z,2010-04-07T01:15:00.000Z,2010-04-07T01:40:00.000Z,2010-04-07T09:10:00.000Z,450,1.52509,1.52742,1.5274,1.51424,0.51,STOP,117.81,-118.83,3.57,-122.4,-1.04,SWING_HIGH,false,CHOCH,14,1
pos-rs-ord-28,EURUSD,SHORT,EURUSD-SHORT-2010-04-08T07:45:00.000Z,2010-04-08T07:45:00.000Z,2010-04-08T07:45:00.000Z,2010-04-08T14:55:00.000Z,430,1.33184,1.33412,1.3341,1.32664,0.52,STOP,117.52,-118.56,3.64,-122.2,-1.04,SWING_HIGH,false,CHOCH,14,7
pos-rs-ord-31,GBPUSD,SHORT,GBPUSD-SHORT-2010-04-16T16:00:00.000Z,2010-04-16T16:00:00.000Z,2010-04-16T16:00:00.000Z,2010-04-16T20:00:00.000Z,240,1.54204,1.539,1.54487,1.53504,0.41,PROTECTIVE,116.03,124.64,2.87,121.77,1.05,SWING_HIGH,false,BOS,14,16
pos-rs-ord-32,GBPUSD,LONG,GBPUSD-LONG-2010-04-26T06:45:00.000Z,2010-04-26T06:45:00.000Z,2010-04-26T07:00:00.000Z,2010-04-27T08:00:00.000Z,1500,1.54394,1.54135,1.54137,1.55054,0.46,STOP,118.22,-119.14,3.22,-122.36,-1.04,SWING_LOW,false,CHOCH,14,7
pos-rs-ord-35,GBPUSD,LONG,GBPUSD-LONG-2010-05-10T14:15:00.000Z,2010-05-10T14:15:00.000Z,2010-05-10T14:20:00.000Z,2010-05-10T15:10:00.000Z,50,1.50179,1.49633,1.49635,1.51464,0.22,STOP,119.68,-120.12,1.54,-121.66,-1.02,SWING_LOW,false,BOS,14,14
pos-rs-ord-37,GBPUSD,LONG,GBPUSD-LONG-2010-06-02T07:00:00.000Z,2010-06-02T07:00:00.000Z,2010-06-02T07:15:00.000Z,2010-06-02T10:05:00.000Z,170,1.47299,1.46598,1.466,1.49174,0.17,STOP,118.83,-119.17,1.19,-120.36,-1.01,SWING_LOW,false,CHOCH,14,7
pos-rs-ord-39,GBPUSD,LONG,GBPUSD-LONG-2010-06-03T07:15:00.000Z,2010-06-03T07:15:00.000Z,2010-06-03T07:20:00.000Z,2010-06-03T09:35:00.000Z,135,1.47059,1.46742,1.46744,1.47904,0.37,STOP,116.55,-117.29,2.59,-119.88,-1.03,SWING_LOW,false,CHOCH,14,7
pos-rs-ord-42,USDJPY,LONG,USDJPY-LONG-2010-07-08T08:00:00.000Z,2010-07-08T08:00:00.000Z,2010-07-08T08:15:00.000Z,2010-07-08T09:25:00.000Z,70,88.339,88.176,88.178,88.694,0.62,STOP,112.96,-114.55,4.34,-118.89,-1.05,SWING_LOW,false,CHOCH,14,8
pos-rs-ord-44,GBPUSD,SHORT,GBPUSD-SHORT-2010-07-12T06:45:00.000Z,2010-07-12T06:45:00.000Z,2010-07-12T06:45:00.000Z,2010-07-12T12:40:00.000Z,355,1.50179,1.50301,1.50299,1.48915,0.92,STOP,110.4,-112.24,6.44,-118.68,-1.07,SWING_HIGH,false,CHOCH,14,6
pos-rs-ord-45,GBPUSD,SHORT,GBPUSD-SHORT-2010-08-11T22:30:00.000Z,2010-08-11T22:30:00.000Z,2010-08-11T22:45:00.000Z,2010-08-12T06:20:00.000Z,455,1.56409,1.56895,1.56893,1.55434,0.24,STOP,116.16,-116.64,1.68,-118.32,-1.02,SWING_HIGH,false,BOS,14,22
pos-rs-ord-48,EURUSD,LONG,EURUSD-LONG-2010-08-17T02:30:00.000Z,2010-08-17T02:30:00.000Z,2010-08-17T02:45:00.000Z,2010-08-17T10:10:00.000Z,445,1.28279,1.29054,1.28027,1.29054,0.46,TARGET,115.92,356.5,3.22,353.28,3.05,SWING_LOW,false,BOS,14,2
pos-rs-ord-54,EURUSD,SHORT,EURUSD-SHORT-2010-09-24T01:15:00.000Z,2010-09-24T01:15:00.000Z,2010-09-24T01:20:00.000Z,2010-09-24T02:15:00.000Z,55,1.33074,1.33252,1.3325,1.32674,0.65,STOP,114.4,-115.7,4.55,-120.25,-1.05,SWING_HIGH,false,BOS,14,1
pos-rs-ord-53,USDJPY,SHORT,USDJPY-SHORT-2010-09-23T10:00:00.000Z,2010-09-23T10:00:00.000Z,2010-09-23T10:00:00.000Z,2010-09-24T05:20:00.000Z,1160,84.519,84.671,84.669,82.864,0.64,STOP,113.62,-114.97,4.48,-119.45,-1.05,SWING_HIGH,false,BOS,14,10
pos-rs-ord-55,EURUSD,SHORT,EURUSD-SHORT-2010-09-24T08:00:00.000Z,2010-09-24T08:00:00.000Z,2010-09-24T08:10:00.000Z,2010-09-24T09:05:00.000Z,55,1.33289,1.33515,1.33513,1.32674,0.51,STOP,114.24,-115.26,3.57,-118.83,-1.04,SWING_HIGH,false,CHOCH,14,8
pos-rs-ord-56,GBPUSD,SHORT,GBPUSD-SHORT-2010-09-27T15:00:00.000Z,2010-09-27T15:00:00.000Z,2010-09-27T15:30:00.000Z,2010-09-28T10:35:00.000Z,1145,1.58329,1.58656,1.58654,1.56385,0.36,STOP,117,-117.72,2.52,-120.24,-1.03,SWING_HIGH,false,CHOCH,14,15
pos-rs-ord-57,USDJPY,LONG,USDJPY-LONG-2010-10-12T01:00:00.000Z,2010-10-12T01:00:00.000Z,2010-10-12T01:45:00.000Z,2010-10-12T04:35:00.000Z,170,82.214,82.008,82.01,82.884,0.46,STOP,114.14,-115.53,3.22,-118.75,-1.04,SWING_LOW,false,CHOCH,14,1
pos-rs-ord-58,GBPUSD,SHORT,GBPUSD-SHORT-2010-10-12T18:30:00.000Z,2010-10-12T18:30:00.000Z,2010-10-12T19:00:00.000Z,2010-10-12T19:20:00.000Z,20,1.57794,1.58146,1.58144,1.57014,0.33,STOP,115.5,-116.16,2.31,-118.47,-1.03,SWING_HIGH,false,BOS,14,19
pos-rs-ord-60,EURUSD,SHORT,EURUSD-SHORT-2010-10-18T06:30:00.000Z,2010-10-18T06:30:00.000Z,2010-10-18T06:30:00.000Z,2010-10-18T07:05:00.000Z,35,1.38864,1.38625,1.3895,1.38625,1.23,TARGET,105.78,293.97,8.61,285.36,2.7,SWING_HIGH,false,BOS,14,6
pos-rs-ord-62,EURUSD,SHORT,EURUSD-SHORT-2010-10-22T08:45:00.000Z,2010-10-22T08:45:00.000Z,2010-10-22T09:00:00.000Z,2010-10-22T14:10:00.000Z,310,1.39189,1.39708,1.39706,1.38005,0.22,STOP,113.74,-114.18,1.54,-115.72,-1.02,SWING_HIGH,false,CHOCH,14,9
pos-rs-ord-64,EURUSD,LONG,EURUSD-LONG-2010-11-02T09:45:00.000Z,2010-11-02T09:45:00.000Z,2010-11-02T09:50:00.000Z,2010-11-02T13:35:00.000Z,225,1.39484,1.40364,1.39135,1.40364,0.33,TARGET,115.17,290.4,2.31,288.09,2.5,SWING_LOW,false,BOS,14,9
pos-rs-ord-68,EURUSD,LONG,EURUSD-LONG-2010-12-02T15:30:00.000Z,2010-12-02T15:30:00.000Z,2010-12-02T15:45:00.000Z,2010-12-03T21:00:00.000Z,1755,1.31684,1.34088,1.30575,1.34204,0.1,PROTECTIVE,110.9,240.4,0.7,239.7,2.16,ASIAN_LOW,true,CHOCH,16,15
pos-rs-ord-71,EURUSD,LONG,EURUSD-LONG-2010-12-07T08:30:00.000Z,2010-12-07T08:30:00.000Z,2010-12-07T08:35:00.000Z,2010-12-07T17:10:00.000Z,515,1.33519,1.33091,1.33093,1.34374,0.27,STOP,115.02,-115.56,1.89,-117.45,-1.02,SWING_LOW,false,BOS,14,8
pos-rs-ord-72,USDJPY,SHORT,USDJPY-SHORT-2010-12-10T09:45:00.000Z,2010-12-10T09:45:00.000Z,2010-12-10T09:45:00.000Z,2010-12-10T13:25:00.000Z,220,83.654,83.749,83.747,83.434,0.98,STOP,108.96,-111.23,6.86,-118.09,-1.08,SWING_HIGH,false,CHOCH,14,9
pos-rs-ord-73,GBPUSD,LONG,GBPUSD-LONG-2010-12-21T07:30:00.000Z,2010-12-21T07:30:00.000Z,2010-12-21T08:00:00.000Z,2010-12-21T08:25:00.000Z,25,1.55549,1.55357,1.55359,1.56404,0.6,STOP,114,-115.2,4.2,-119.4,-1.05,SWING_LOW,false,CHOCH,14,8
pos-rs-ord-74,EURUSD,SHORT,EURUSD-SHORT-2011-01-05T09:00:00.000Z,2011-01-05T09:00:00.000Z,2011-01-05T09:00:00.000Z,2011-01-05T13:20:00.000Z,260,1.32624,1.32044,1.32905,1.32044,0.41,TARGET,115.21,237.8,2.87,234.93,2.04,EQUAL_HIGHS,false,BOS,14,9
pos-rs-ord-78,USDJPY,SHORT,USDJPY-SHORT-2011-02-17T15:00:00.000Z,2011-02-17T15:00:00.000Z,2011-02-17T15:00:00.000Z,2011-02-18T21:00:00.000Z,1800,83.379,83.09,83.751,82.614,0.26,PROTECTIVE,116.12,90.44,1.82,88.62,0.76,SWING_HIGH,false,CHOCH,14,15
pos-rs-ord-81,USDJPY,SHORT,USDJPY-SHORT-2011-02-24T08:00:00.000Z,2011-02-24T08:00:00.000Z,2011-02-24T08:05:00.000Z,2011-02-25T21:00:00.000Z,2215,81.954,81.66,82.17,81.114,0.44,PROTECTIVE,116.02,158.42,3.08,155.34,1.34,SWING_HIGH,false,BOS,14,8
pos-rs-ord-84,GBPUSD,LONG,GBPUSD-LONG-2011-03-09T02:00:00.000Z,2011-03-09T02:00:00.000Z,2011-03-09T02:55:00.000Z,2011-03-09T06:45:00.000Z,230,1.61574,1.61438,1.6144,1.62014,0.84,STOP,112.56,-114.24,5.88,-120.12,-1.07,SWING_LOW,false,BOS,14,2
pos-rs-ord-89,EURUSD,SHORT,EURUSD-SHORT-2011-03-24T08:30:00.000Z,2011-03-24T08:30:00.000Z,2011-03-24T08:55:00.000Z,2011-03-24T09:50:00.000Z,55,1.40704,1.40911,1.40909,1.39795,0.56,STOP,114.8,-115.92,3.92,-119.84,-1.04,SWING_HIGH,false,BOS,14,8
pos-rs-ord-93,EURUSD,SHORT,EURUSD-SHORT-2011-04-04T16:45:00.000Z,2011-04-04T16:45:00.000Z,2011-04-04T16:55:00.000Z,2011-04-06T03:00:00.000Z,2045,1.42199,1.42516,1.42514,1.40615,0.37,STOP,116.55,-117.29,2.59,-119.88,-1.03,SWING_HIGH,false,CHOCH,14,16
pos-rs-ord-94,GBPUSD,SHORT,GBPUSD-SHORT-2011-05-24T07:30:00.000Z,2011-05-24T07:30:00.000Z,2011-05-24T07:35:00.000Z,2011-05-24T08:15:00.000Z,40,1.60979,1.61266,1.61264,1.59714,0.41,STOP,116.85,-117.67,2.87,-120.54,-1.03,ASIAN_HIGH,true,CHOCH,16,7
pos-rs-ord-95,GBPUSD,LONG,GBPUSD-LONG-2011-06-01T06:00:00.000Z,2011-06-01T06:00:00.000Z,2011-06-01T06:00:00.000Z,2011-06-01T06:15:00.000Z,15,1.64744,1.64578,1.6458,1.65114,0.69,STOP,113.16,-114.54,4.83,-119.37,-1.05,SWING_LOW,false,BOS,14,6
pos-rs-ord-96,EURUSD,LONG,EURUSD-LONG-2011-06-06T08:00:00.000Z,2011-06-06T08:00:00.000Z,2011-06-06T08:00:00.000Z,2011-06-06T08:45:00.000Z,45,1.46489,1.46275,1.46277,1.48984,0.54,STOP,114.48,-115.56,3.78,-119.34,-1.04,SWING_LOW,false,BOS,14,8
pos-rs-ord-97,EURUSD,LONG,EURUSD-LONG-2011-06-06T14:45:00.000Z,2011-06-06T14:45:00.000Z,2011-06-06T14:50:00.000Z,2011-06-06T17:45:00.000Z,175,1.46134,1.45913,1.45915,1.48984,0.52,STOP,113.88,-114.92,3.64,-118.56,-1.04,SWING_LOW,false,CHOCH,14,14
pos-rs-ord-99,EURUSD,LONG,EURUSD-LONG-2011-06-14T15:45:00.000Z,2011-06-14T15:45:00.000Z,2011-06-14T16:35:00.000Z,2011-06-15T02:05:00.000Z,570,1.44664,1.44121,1.44123,1.46314,0.21,STOP,113.61,-114.03,1.47,-115.5,-1.02,SWING_LOW,false,CHOCH,14,16
pos-rs-ord-101,EURUSD,LONG,EURUSD-LONG-2011-06-28T09:00:00.000Z,2011-06-28T09:00:00.000Z,2011-06-28T09:30:00.000Z,2011-06-28T11:05:00.000Z,95,1.42964,1.42521,1.42523,1.44284,0.26,STOP,114.66,-115.18,1.82,-117,-1.02,SWING_LOW,false,CHOCH,14,9
pos-rs-ord-102,GBPUSD,LONG,GBPUSD-LONG-2011-07-04T17:00:00.000Z,2011-07-04T17:00:00.000Z,2011-07-04T17:10:00.000Z,2011-07-05T02:40:00.000Z,570,1.60824,1.60524,1.60526,1.61484,0.38,STOP,113.24,-114,2.66,-116.66,-1.03,ASIAN_LOW,true,CHOCH,16,17
pos-rs-ord-103,EURUSD,SHORT,EURUSD-SHORT-2011-07-14T16:15:00.000Z,2011-07-14T16:15:00.000Z,2011-07-14T16:45:00.000Z,2011-07-15T20:00:00.000Z,1635,1.41744,1.4134,1.4249,1.39864,0.15,PROTECTIVE,111.9,60.6,1.05,59.55,0.53,SWING_HIGH,false,CHOCH,14,16
pos-rs-ord-105,EURUSD,LONG,EURUSD-LONG-2011-08-05T14:45:00.000Z,2011-08-05T14:45:00.000Z,2011-08-05T14:45:00.000Z,2011-08-05T20:00:00.000Z,315,1.41904,1.42628,1.41304,1.43304,0.19,PROTECTIVE,114,137.56,1.33,136.23,1.19,SWING_LOW,false,BOS,14,14
pos-rs-ord-108,EURUSD,LONG,EURUSD-LONG-2011-08-10T08:45:00.000Z,2011-08-10T08:45:00.000Z,2011-08-10T09:10:00.000Z,2011-08-10T13:55:00.000Z,285,1.43609,1.43089,1.43091,1.44714,0.22,STOP,113.96,-114.4,1.54,-115.94,-1.02,ASIAN_LOW,true,CHOCH,16,9
pos-rs-ord-109,GBPUSD,LONG,GBPUSD-LONG-2011-08-15T01:45:00.000Z,2011-08-15T01:45:00.000Z,2011-08-15T01:45:00.000Z,2011-08-15T01:55:00.000Z,10,1.62944,1.62766,1.62768,1.63354,0.63,STOP,110.88,-112.14,4.41,-116.55,-1.05,SWING_LOW,false,BOS,14,1
pos-rs-ord-111,GBPUSD,LONG,GBPUSD-LONG-2011-09-02T06:15:00.000Z,2011-09-02T06:15:00.000Z,2011-09-02T06:30:00.000Z,2011-09-02T06:50:00.000Z,20,1.61909,1.61728,1.6173,1.62334,0.62,STOP,110.98,-112.22,4.34,-116.56,-1.05,SWING_LOW,false,BOS,14,6
pos-rs-ord-112,EURUSD,SHORT,EURUSD-SHORT-2011-09-16T13:30:00.000Z,2011-09-16T13:30:00.000Z,2011-09-16T13:40:00.000Z,2011-09-16T15:00:00.000Z,80,1.37824,1.38269,1.38267,1.36354,0.26,STOP,115.18,-115.7,1.82,-117.52,-1.02,SWING_HIGH,false,CHOCH,14,13
pos-rs-ord-114,USDJPY,LONG,USDJPY-LONG-2011-09-27T21:30:00.000Z,2011-09-27T21:30:00.000Z,2011-09-27T21:50:00.000Z,2011-09-28T01:10:00.000Z,200,76.804,76.637,76.639,77.283,0.52,STOP,111.67,-113.24,3.64,-116.88,-1.05,SWING_LOW,false,BOS,14,21
pos-rs-ord-120,GBPUSD,LONG,GBPUSD-LONG-2011-10-13T02:00:00.000Z,2011-10-13T02:00:00.000Z,2011-10-13T02:00:00.000Z,2011-10-13T03:05:00.000Z,65,1.57434,1.57306,1.57308,1.57724,0.86,STOP,108.36,-110.08,6.02,-116.1,-1.07,EQUAL_LOWS,false,CHOCH,14,2
pos-rs-ord-122,USDJPY,SHORT,USDJPY-SHORT-2011-10-28T02:30:00.000Z,2011-10-28T02:30:00.000Z,2011-10-28T03:00:00.000Z,2011-10-28T19:25:00.000Z,985,75.904,75.694,75.998,75.694,0.86,TARGET,106.55,238.62,6.02,232.6,2.18,SWING_HIGH,false,CHOCH,14,3
pos-rs-ord-124,EURUSD,SHORT,EURUSD-SHORT-2011-11-03T15:00:00.000Z,2011-11-03T15:00:00.000Z,2011-11-03T15:25:00.000Z,2011-11-03T18:50:00.000Z,205,1.37379,1.38368,1.38366,1.34564,0.11,STOP,108.57,-108.79,0.77,-109.56,-1.01,PDH,true,CHOCH,16,15
pos-rs-ord-126,EURUSD,SHORT,EURUSD-SHORT-2011-11-15T16:15:00.000Z,2011-11-15T16:15:00.000Z,2011-11-15T17:05:00.000Z,2011-11-16T02:20:00.000Z,555,1.35389,1.34564,1.35749,1.34564,0.31,TARGET,111.6,255.75,2.17,253.58,2.27,SWING_HIGH,false,BOS,14,17
pos-rs-ord-129,EURUSD,SHORT,EURUSD-SHORT-2011-11-29T00:30:00.000Z,2011-11-29T00:30:00.000Z,2011-11-29T01:05:00.000Z,2011-11-29T03:20:00.000Z,135,1.33024,1.33242,1.3324,1.32304,0.52,STOP,112.32,-113.36,3.64,-117,-1.04,SWING_HIGH,false,BOS,14,1
pos-rs-ord-132,GBPUSD,SHORT,GBPUSD-SHORT-2011-12-06T16:45:00.000Z,2011-12-06T16:45:00.000Z,2011-12-06T17:35:00.000Z,2011-12-07T13:40:00.000Z,1205,1.5591,1.56415,1.56413,1.54874,0.23,STOP,115.69,-116.15,1.61,-117.76,-1.02,SWING_HIGH,false,BOS,14,17
pos-rs-ord-133,EURUSD,LONG,EURUSD-LONG-2011-12-08T13:15:00.000Z,2011-12-08T13:15:00.000Z,2011-12-08T13:50:00.000Z,2011-12-08T14:00:00.000Z,10,1.34008,1.33776,1.33778,1.34497,0.49,STOP,112.7,-113.68,3.43,-117.11,-1.04,SWING_LOW,false,CHOCH,14,13
pos-rs-ord-135,USDJPY,LONG,USDJPY-LONG-2011-12-23T01:00:00.000Z,2011-12-23T01:00:00.000Z,2011-12-23T01:10:00.000Z,2011-12-23T01:50:00.000Z,40,78.183,78.133,78.135,78.283,1.58,STOP,96.99,-101.1,11.06,-112.16,-1.16,SWING_LOW,false,BOS,14,1
pos-rs-ord-136,EURUSD,LONG,EURUSD-LONG-2011-12-26T13:00:00.000Z,2011-12-26T13:00:00.000Z,2011-12-26T13:00:00.000Z,2011-12-26T15:55:00.000Z,175,1.30712,1.30623,1.30625,1.30955,1.19,STOP,103.53,-105.91,8.33,-114.24,-1.1,SWING_LOW,false,BOS,14,13
pos-rs-ord-138,EURUSD,SHORT,EURUSD-SHORT-2011-12-29T08:30:00.000Z,2011-12-29T08:30:00.000Z,2011-12-29T08:45:00.000Z,2011-12-29T11:25:00.000Z,160,1.29269,1.28874,1.29434,1.28874,0.66,TARGET,108.9,260.7,4.62,256.08,2.35,ASIAN_HIGH,true,CHOCH,16,8
pos-rs-ord-139,GBPUSD,LONG,GBPUSD-LONG-2012-01-04T15:00:00.000Z,2012-01-04T15:00:00.000Z,2012-01-04T15:10:00.000Z,2012-01-05T08:55:00.000Z,1065,1.56134,1.55787,1.55789,1.56909,0.33,STOP,113.85,-114.51,2.31,-116.82,-1.03,SWING_LOW,false,CHOCH,14,15
pos-rs-ord-140,USDJPY,SHORT,USDJPY-SHORT-2012-01-09T19:30:00.000Z,2012-01-09T19:30:00.000Z,2012-01-09T19:40:00.000Z,2012-01-11T01:05:00.000Z,1765,76.847,76.915,76.913,76.712,1.19,STOP,102.21,-105.26,8.33,-113.59,-1.11,SWING_HIGH,false,CHOCH,14,19
pos-rs-ord-142,EURUSD,LONG,EURUSD-LONG-2012-01-18T10:30:00.000Z,2012-01-18T10:30:00.000Z,2012-01-18T11:10:00.000Z,2012-01-20T21:00:00.000Z,3470,1.28092,1.2932,1.27324,1.2995,0.15,PROTECTIVE,115.2,184.2,1.05,183.15,1.59,ASIAN_LOW,true,BOS,16,11
pos-rs-ord-143,EURUSD,SHORT,EURUSD-SHORT-2012-01-23T07:30:00.000Z,2012-01-23T07:30:00.000Z,2012-01-23T07:40:00.000Z,2012-01-23T08:10:00.000Z,30,1.28984,1.29056,1.29054,1.28829,1.44,STOP,100.8,-103.68,10.08,-113.76,-1.13,SWING_HIGH,false,CHOCH,14,7
pos-rs-ord-146,USDJPY,SHORT,USDJPY-SHORT-2012-02-13T23:30:00.000Z,2012-02-13T23:30:00.000Z,2012-02-13T23:30:00.000Z,2012-02-14T02:25:00.000Z,175,77.532,77.61,77.608,77.291,1.06,STOP,103.98,-106.56,7.42,-113.98,-1.1,SWING_HIGH,false,CHOCH,14,23
pos-rs-ord-148,GBPUSD,LONG,GBPUSD-LONG-2012-02-20T11:45:00.000Z,2012-02-20T11:45:00.000Z,2012-02-20T12:00:00.000Z,2012-02-20T17:45:00.000Z,345,1.58664,1.58406,1.58408,1.5928,0.44,STOP,112.64,-113.52,3.08,-116.6,-1.04,SWING_LOW,false,CHOCH,14,12
pos-rs-ord-150,GBPUSD,LONG,GBPUSD-LONG-2012-03-01T09:15:00.000Z,2012-03-01T09:15:00.000Z,2012-03-01T09:35:00.000Z,2012-03-02T12:05:00.000Z,1590,1.59269,1.58947,1.58949,1.59912,0.35,STOP,112,-112.7,2.45,-115.15,-1.03,PDL,true,BOS,16,9
pos-rs-ord-151,USDJPY,LONG,USDJPY-LONG-2012-03-08T09:00:00.000Z,2012-03-08T09:00:00.000Z,2012-03-08T09:50:00.000Z,2012-03-09T02:45:00.000Z,1015,81.428,81.781,81.259,81.781,0.53,TARGET,109.98,228.78,3.71,225.07,2.05,SWING_LOW,false,BOS,14,9
pos-rs-ord-156,EURUSD,SHORT,EURUSD-SHORT-2012-03-22T14:45:00.000Z,2012-03-22T14:45:00.000Z,2012-03-22T15:00:00.000Z,2012-03-22T16:35:00.000Z,95,1.31616,1.31779,1.31777,1.31121,0.68,STOP,109.48,-110.84,4.76,-115.6,-1.06,SWING_HIGH,false,CHOCH,14,15
pos-rs-ord-157,USDJPY,SHORT,USDJPY-SHORT-2012-03-23T13:00:00.000Z,2012-03-23T13:00:00.000Z,2012-03-23T13:30:00.000Z,2012-03-23T20:00:00.000Z,390,82.545,82.496,82.707,81.962,0.56,PROTECTIVE,109.92,33.26,3.92,29.34,0.27,SWING_HIGH,false,CHOCH,14,13
pos-rs-ord-160,GBPUSD,SHORT,GBPUSD-SHORT-2012-04-18T08:15:00.000Z,2012-04-18T08:15:00.000Z,2012-04-18T09:00:00.000Z,2012-04-18T09:15:00.000Z,15,1.59212,1.59352,1.5935,1.58615,0.78,STOP,107.64,-109.2,5.46,-114.66,-1.07,SWING_HIGH,false,CHOCH,14,9
pos-rs-ord-162,EURUSD,LONG,EURUSD-LONG-2012-04-25T14:30:00.000Z,2012-04-25T14:30:00.000Z,2012-04-25T15:05:00.000Z,2012-04-25T15:15:00.000Z,10,1.32128,1.31946,1.31948,1.33407,0.61,STOP,109.8,-111.02,4.27,-115.29,-1.05,SWING_LOW,false,CHOCH,14,15
pos-rs-ord-163,USDJPY,SHORT,USDJPY-SHORT-2012-04-26T14:00:00.000Z,2012-04-26T14:00:00.000Z,2012-04-26T14:40:00.000Z,2012-04-26T19:10:00.000Z,270,80.824,80.962,80.96,80.517,0.64,STOP,107.68,-109.17,4.48,-113.65,-1.06,SWING_HIGH,false,BOS,14,14
pos-rs-ord-165,USDJPY,LONG,USDJPY-LONG-2012-05-02T08:00:00.000Z,2012-05-02T08:00:00.000Z,2012-05-02T08:35:00.000Z,2012-05-02T09:00:00.000Z,25,80.437,80.307,80.309,80.747,0.68,STOP,108.18,-110.02,4.76,-114.78,-1.06,SWING_LOW,false,BOS,14,8
pos-rs-ord-166,EURUSD,LONG,EURUSD-LONG-2012-05-04T15:00:00.000Z,2012-05-04T15:00:00.000Z,2012-05-04T15:00:00.000Z,2012-05-04T15:50:00.000Z,50,1.31586,1.3113,1.31132,1.32833,0.25,STOP,113.5,-114,1.75,-115.75,-1.02,SWING_LOW,false,CHOCH,14,15
pos-rs-ord-168,GBPUSD,SHORT,GBPUSD-SHORT-2012-05-08T13:45:00.000Z,2012-05-08T13:45:00.000Z,2012-05-08T14:30:00.000Z,2012-05-08T16:45:00.000Z,135,1.61417,1.61622,1.6162,1.60912,0.54,STOP,109.62,-110.7,3.78,-114.48,-1.04,SWING_HIGH,false,BOS,14,14
pos-rs-ord-170,USDJPY,SHORT,USDJPY-SHORT-2012-05-11T13:45:00.000Z,2012-05-11T13:45:00.000Z,2012-05-11T14:35:00.000Z,2012-05-11T20:00:00.000Z,325,79.896,79.883,79.992,79.656,0.87,PROTECTIVE,104.56,14.16,6.09,8.07,0.08,ASIAN_HIGH,true,CHOCH,16,14
pos-rs-ord-176,GBPUSD,LONG,GBPUSD-LONG-2012-06-15T05:45:00.000Z,2012-06-15T05:45:00.000Z,2012-06-15T05:50:00.000Z,2012-06-15T07:00:00.000Z,70,1.55476,1.55397,1.55399,1.55631,1.3,STOP,100.1,-102.7,9.1,-111.8,-1.12,SWING_LOW,false,CHOCH,14,5
pos-rs-ord-178,GBPUSD,SHORT,GBPUSD-SHORT-2012-07-06T08:15:00.000Z,2012-07-06T08:15:00.000Z,2012-07-06T08:40:00.000Z,2012-07-06T09:15:00.000Z,35,1.55232,1.55342,1.5534,1.54989,0.96,STOP,103.68,-105.6,6.72,-112.32,-1.08,EQUAL_HIGHS,false,CHOCH,14,8
pos-rs-ord-179,GBPUSD,LONG,GBPUSD-LONG-2012-07-11T07:15:00.000Z,2012-07-11T07:15:00.000Z,2012-07-11T07:20:00.000Z,2012-07-11T19:10:00.000Z,710,1.55274,1.55115,1.55117,1.56058,0.68,STOP,106.76,-108.12,4.76,-112.88,-1.06,SWING_LOW,false,BOS,14,7
pos-rs-ord-183,USDJPY,SHORT,USDJPY-SHORT-2012-07-18T12:00:00.000Z,2012-07-18T12:00:00.000Z,2012-07-18T12:50:00.000Z,2012-07-18T14:20:00.000Z,90,78.99,79.08,79.078,78.814,0.92,STOP,102.51,-104.86,6.44,-111.3,-1.09,SWING_HIGH,false,CHOCH,14,12
pos-rs-ord-185,EURUSD,LONG,EURUSD-LONG-2012-07-19T08:30:00.000Z,2012-07-19T08:30:00.000Z,2012-07-19T08:55:00.000Z,2012-07-19T09:45:00.000Z,50,1.22972,1.22753,1.22755,1.23853,0.5,STOP,108.5,-109.5,3.5,-113,-1.04,SWING_LOW,false,CHOCH,14,8
pos-rs-ord-187,USDJPY,SHORT,USDJPY-SHORT-2012-07-31T11:00:00.000Z,2012-07-31T11:00:00.000Z,2012-07-31T11:05:00.000Z,2012-07-31T13:30:00.000Z,145,78.25,78.136,78.303,78.136,1.41,TARGET,95.51,205.63,9.87,195.76,2.05,SWING_HIGH,false,CHOCH,14,11
pos-rs-ord-192,EURUSD,SHORT,EURUSD-SHORT-2012-08-08T11:00:00.000Z,2012-08-08T11:00:00.000Z,2012-08-08T11:00:00.000Z,2012-08-10T20:00:00.000Z,3420,1.23664,1.22935,1.23922,1.22187,0.42,PROTECTIVE,108.36,306.18,2.94,303.24,2.8,SWING_HIGH,false,BOS,14,11
pos-rs-ord-197,GBPUSD,SHORT,GBPUSD-SHORT-2012-08-24T07:30:00.000Z,2012-08-24T07:30:00.000Z,2012-08-24T07:30:00.000Z,2012-08-24T08:05:00.000Z,35,1.58576,1.58677,1.58675,1.57898,1.04,STOP,102.96,-105.04,7.28,-112.32,-1.09,ASIAN_HIGH,true,BOS,16,7
pos-rs-ord-200,USDJPY,LONG,USDJPY-LONG-2012-08-27T06:00:00.000Z,2012-08-27T06:00:00.000Z,2012-08-27T06:30:00.000Z,2012-08-27T07:25:00.000Z,55,78.746,78.72,78.722,78.838,2.64,STOP,80.46,-87.18,18.48,-105.66,-1.31,EQUAL_LOWS,false,CHOCH,14,6
pos-rs-ord-201,USDJPY,SHORT,USDJPY-SHORT-2012-09-03T22:00:00.000Z,2012-09-03T22:00:00.000Z,2012-09-03T22:10:00.000Z,2012-09-03T22:15:00.000Z,5,78.266,78.284,78.282,78.202,3.41,STOP,69.71,-78.43,23.87,-102.3,-1.47,SWING_HIGH,false,BOS,14,22
pos-rs-ord-202,EURUSD,SHORT,EURUSD-SHORT-2012-09-18T09:00:00.000Z,2012-09-18T09:00:00.000Z,2012-09-18T09:30:00.000Z,2012-09-19T10:40:00.000Z,1510,1.3084,1.3021,1.31153,1.3021,0.35,TARGET,109.55,220.5,2.45,218.05,1.99,SWING_HIGH,false,BOS,14,9
pos-rs-ord-205,USDJPY,SHORT,USDJPY-SHORT-2012-09-26T07:15:00.000Z,2012-09-26T07:15:00.000Z,2012-09-26T07:20:00.000Z,2012-09-26T13:30:00.000Z,370,77.724,77.787,77.785,77.549,1.25,STOP,98.12,-101.33,8.75,-110.08,-1.12,SWING_HIGH,false,BOS,14,7
pos-rs-ord-206,USDJPY,SHORT,USDJPY-SHORT-2012-09-28T06:30:00.000Z,2012-09-28T06:30:00.000Z,2012-09-28T07:25:00.000Z,2012-09-28T08:45:00.000Z,80,77.503,77.566,77.564,77.363,1.25,STOP,98.41,-101.56,8.75,-110.31,-1.12,SWING_HIGH,false,BOS,14,7
pos-rs-ord-207,EURUSD,LONG,EURUSD-LONG-2012-10-02T06:30:00.000Z,2012-10-02T06:30:00.000Z,2012-10-02T07:05:00.000Z,2012-10-02T08:10:00.000Z,65,1.29064,1.28824,1.28826,1.29594,0.46,STOP,109.48,-110.4,3.22,-113.62,-1.04,EQUAL_LOWS,false,CHOCH,14,7
pos-rs-ord-209,USDJPY,SHORT,USDJPY-SHORT-2012-10-15T02:00:00.000Z,2012-10-15T02:00:00.000Z,2012-10-15T02:45:00.000Z,2012-10-15T03:30:00.000Z,45,78.412,78.486,78.484,77.989,1.09,STOP,100.14,-102.78,7.63,-110.41,-1.1,EQUAL_HIGHS,false,CHOCH,14,2
pos-rs-ord-214,EURUSD,SHORT,EURUSD-SHORT-2012-11-02T10:15:00.000Z,2012-11-02T10:15:00.000Z,2012-11-02T11:05:00.000Z,2012-11-02T14:55:00.000Z,230,1.28868,1.2844,1.29081,1.2844,0.5,TARGET,106.5,214,3.5,210.5,1.98,SWING_HIGH,false,BOS,14,11
pos-rs-ord-218,EURUSD,LONG,EURUSD-LONG-2012-11-14T08:15:00.000Z,2012-11-14T08:15:00.000Z,2012-11-14T08:15:00.000Z,2012-11-15T14:25:00.000Z,1810,1.27224,1.27822,1.27045,1.27822,0.6,TARGET,107.4,358.8,4.2,354.6,3.3,SWING_LOW,false,CHOCH,14,8
pos-rs-ord-219,USDJPY,SHORT,USDJPY-SHORT-2012-11-19T16:15:00.000Z,2012-11-19T16:15:00.000Z,2012-11-19T17:05:00.000Z,2012-11-19T19:55:00.000Z,170,81.196,81.27,81.268,80.943,1.13,STOP,100.21,-102.96,7.91,-110.87,-1.11,SWING_HIGH,false,CHOCH,14,17
pos-rs-ord-224,USDJPY,SHORT,USDJPY-SHORT-2012-12-06T16:30:00.000Z,2012-12-06T16:30:00.000Z,2012-12-06T16:35:00.000Z,2012-12-06T23:55:00.000Z,440,82.297,82.438,82.436,81.855,0.63,STOP,106.43,-107.78,4.41,-112.19,-1.05,SWING_HIGH,false,BOS,14,16
pos-rs-ord-225,GBPUSD,SHORT,GBPUSD-SHORT-2012-12-09T22:45:00.000Z,2012-12-09T22:45:00.000Z,2012-12-09T23:00:00.000Z,2012-12-10T11:10:00.000Z,730,1.60331,1.60433,1.60431,1.60013,1.03,STOP,103,-105.06,7.21,-112.27,-1.09,EQUAL_HIGHS,false,CHOCH,14,23
pos-rs-ord-230,EURUSD,SHORT,EURUSD-SHORT-2012-12-20T05:45:00.000Z,2012-12-20T05:45:00.000Z,2012-12-20T06:05:00.000Z,2012-12-20T08:15:00.000Z,130,1.32152,1.32289,1.32287,1.31882,0.78,STOP,105.3,-106.86,5.46,-112.32,-1.07,EQUAL_HIGHS,false,CHOCH,14,6
pos-rs-ord-231,GBPUSD,SHORT,GBPUSD-SHORT-2013-01-02T23:45:00.000Z,2013-01-02T23:45:00.000Z,2013-01-02T23:55:00.000Z,2013-01-03T02:55:00.000Z,180,1.62468,1.62246,1.62557,1.62246,1.13,TARGET,100.57,250.86,7.91,242.95,2.42,SWING_HIGH,false,CHOCH,14,23
pos-rs-ord-232,EURUSD,SHORT,EURUSD-SHORT-2013-01-04T00:15:00.000Z,2013-01-04T00:15:00.000Z,2013-01-04T00:25:00.000Z,2013-01-04T14:15:00.000Z,830,1.30388,1.3054,1.30538,1.29955,0.71,STOP,106.5,-107.92,4.97,-112.89,-1.06,SWING_HIGH,false,BOS,14,0
pos-rs-ord-234,EURUSD,SHORT,EURUSD-SHORT-2013-01-09T01:00:00.000Z,2013-01-09T01:00:00.000Z,2013-01-09T01:30:00.000Z,2013-01-09T06:15:00.000Z,285,1.30813,1.3091,1.30908,1.3056,1.07,STOP,101.65,-103.79,7.49,-111.28,-1.09,SWING_HIGH,false,BOS,14,1
pos-rs-ord-235,GBPUSD,SHORT,GBPUSD-SHORT-2013-01-09T01:00:00.000Z,2013-01-09T01:00:00.000Z,2013-01-09T01:05:00.000Z,2013-01-09T08:55:00.000Z,470,1.6053,1.60681,1.60679,1.60206,0.71,STOP,105.79,-107.21,4.97,-112.18,-1.06,SWING_HIGH,false,CHOCH,14,1
pos-rs-ord-237,USDJPY,SHORT,USDJPY-SHORT-2013-01-23T00:00:00.000Z,2013-01-23T00:00:00.000Z,2013-01-23T00:00:00.000Z,2013-01-23T06:20:00.000Z,380,88.604,88.13,88.795,88.13,0.5,TARGET,107.88,268.72,3.5,265.22,2.46,SWING_HIGH,false,BOS,14,0
pos-rs-ord-239,GBPUSD,LONG,GBPUSD-LONG-2013-02-04T14:15:00.000Z,2013-02-04T14:15:00.000Z,2013-02-04T14:25:00.000Z,2013-02-05T14:05:00.000Z,1420,1.57344,1.57063,1.57065,1.58455,0.39,STOP,108.81,-109.59,2.73,-112.32,-1.03,SWING_LOW,false,BOS,14,14
pos-rs-ord-250,GBPUSD,SHORT,GBPUSD-SHORT-2013-03-20T10:00:00.000Z,2013-03-20T10:00:00.000Z,2013-03-20T10:30:00.000Z,2013-03-20T10:35:00.000Z,5,1.50673,1.51119,1.51117,1.49227,0.25,STOP,111,-111.5,1.75,-113.25,-1.02,ASIAN_HIGH,true,BOS,16,10
pos-rs-ord-251,GBPUSD,LONG,GBPUSD-LONG-2013-03-22T07:30:00.000Z,2013-03-22T07:30:00.000Z,2013-03-22T07:35:00.000Z,2013-03-22T08:50:00.000Z,75,1.51889,1.51763,1.51765,1.52209,0.84,STOP,104.16,-105.84,5.88,-111.72,-1.07,SWING_LOW,false,CHOCH,14,7
pos-rs-ord-253,GBPUSD,LONG,GBPUSD-LONG-2013-03-25T01:00:00.000Z,2013-03-25T01:00:00.000Z,2013-03-25T01:00:00.000Z,2013-03-25T09:05:00.000Z,485,1.52381,1.52221,1.52223,1.52727,0.67,STOP,105.86,-107.2,4.69,-111.89,-1.06,PDL,true,CHOCH,16,1
pos-rs-ord-255,EURUSD,SHORT,EURUSD-SHORT-2013-04-03T07:30:00.000Z,2013-04-03T07:30:00.000Z,2013-04-03T07:45:00.000Z,2013-04-03T09:05:00.000Z,80,1.28014,1.28111,1.28109,1.27749,1.06,STOP,100.7,-102.82,7.42,-110.24,-1.09,SWING_HIGH,false,CHOCH,14,7
pos-rs-ord-258,USDJPY,LONG,USDJPY-LONG-2013-04-17T06:15:00.000Z,2013-04-17T06:15:00.000Z,2013-04-17T07:05:00.000Z,2013-04-17T08:50:00.000Z,105,98.271,98.066,98.068,98.708,0.52,STOP,107.35,-108.58,3.64,-112.22,-1.05,SWING_LOW,false,CHOCH,14,7
pos-rs-ord-259,USDJPY,SHORT,USDJPY-SHORT-2013-04-25T01:00:00.000Z,2013-04-25T01:00:00.000Z,2013-04-25T01:00:00.000Z,2013-04-25T06:55:00.000Z,355,99.477,99.23,99.562,99.23,1.16,TARGET,99.17,288.52,8.12,280.4,2.83,SWING_HIGH,false,CHOCH,14,1
pos-rs-ord-261,EURUSD,LONG,EURUSD-LONG-2013-04-29T13:30:00.000Z,2013-04-29T13:30:00.000Z,2013-04-29T13:30:00.000Z,2013-04-29T14:25:00.000Z,55,1.30962,1.30777,1.30779,1.31463,0.58,STOP,106.14,-107.3,4.06,-111.36,-1.05,SWING_LOW,false,CHOCH,14,13
pos-rs-ord-266,USDJPY,LONG,USDJPY-LONG-2013-05-17T09:45:00.000Z,2013-05-17T09:45:00.000Z,2013-05-17T10:15:00.000Z,2013-05-17T10:40:00.000Z,25,102.54,102.434,102.436,102.759,1,STOP,101.4,-103.45,7,-110.45,-1.09,SWING_LOW,false,BOS,14,10
pos-rs-ord-268,GBPUSD,LONG,GBPUSD-LONG-2013-05-24T05:45:00.000Z,2013-05-24T05:45:00.000Z,2013-05-24T05:50:00.000Z,2013-05-24T20:00:00.000Z,850,1.50904,1.51347,1.50625,1.51565,0.39,PROTECTIVE,108.81,172.77,2.73,170.04,1.56,SWING_LOW,false,CHOCH,14,5
pos-rs-ord-269,GBPUSD,LONG,GBPUSD-LONG-2013-06-07T00:30:00.000Z,2013-06-07T00:30:00.000Z,2013-06-07T00:30:00.000Z,2013-06-07T08:05:00.000Z,455,1.56013,1.55799,1.55801,1.56832,0.51,STOP,108.12,-109.14,3.57,-112.71,-1.04,SWING_LOW,false,CHOCH,14,0
pos-rs-ord-271,USDJPY,LONG,USDJPY-LONG-2013-06-10T14:30:00.000Z,2013-06-10T14:30:00.000Z,2013-06-10T15:00:00.000Z,2013-06-11T03:50:00.000Z,770,98.908,98.433,98.435,99.977,0.23,STOP,109.84,-110.64,1.61,-112.25,-1.02,SWING_LOW,false,BOS,14,15
pos-rs-ord-272,GBPUSD,LONG,GBPUSD-LONG-2013-06-21T07:30:00.000Z,2013-06-21T07:30:00.000Z,2013-06-21T08:00:00.000Z,2013-06-21T08:25:00.000Z,25,1.55043,1.5488,1.54882,1.56719,0.65,STOP,104.65,-105.95,4.55,-110.5,-1.06,ASIAN_LOW,true,BOS,16,8
pos-rs-ord-274,GBPUSD,SHORT,GBPUSD-SHORT-2013-06-28T08:00:00.000Z,2013-06-28T08:00:00.000Z,2013-06-28T08:15:00.000Z,2013-06-28T15:20:00.000Z,425,1.52588,1.52006,1.52786,1.52006,0.54,TARGET,106.92,314.28,3.78,310.5,2.9,ASIAN_HIGH,true,BOS,16,8
pos-rs-ord-276,USDJPY,SHORT,USDJPY-SHORT-2013-07-04T08:00:00.000Z,2013-07-04T08:00:00.000Z,2013-07-04T08:10:00.000Z,2013-07-04T13:45:00.000Z,335,99.692,99.905,99.903,99.254,0.51,STOP,108.01,-108.84,3.57,-112.41,-1.04,SWING_HIGH,false,CHOCH,14,8
pos-rs-ord-277,GBPUSD,LONG,GBPUSD-LONG-2013-07-09T09:30:00.000Z,2013-07-09T09:30:00.000Z,2013-07-09T09:30:00.000Z,2013-07-09T09:35:00.000Z,5,1.49632,1.49472,1.49474,1.50493,0.67,STOP,105.86,-107.2,4.69,-111.89,-1.06,SWING_LOW,false,BOS,14,9
pos-rs-ord-278,GBPUSD,LONG,GBPUSD-LONG-2013-07-19T12:30:00.000Z,2013-07-19T12:30:00.000Z,2013-07-19T12:35:00.000Z,2013-07-19T20:00:00.000Z,445,1.52643,1.52608,1.52314,1.53336,0.33,PROTECTIVE,108.57,-11.55,2.31,-13.86,-0.13,SWING_LOW,false,BOS,14,12
pos-rs-ord-281,EURUSD,LONG,EURUSD-LONG-2013-08-02T14:00:00.000Z,2013-08-02T14:00:00.000Z,2013-08-02T14:10:00.000Z,2013-08-02T20:00:00.000Z,350,1.32363,1.32843,1.31885,1.33444,0.23,PROTECTIVE,109.94,110.4,1.61,108.79,0.99,SWING_LOW,false,CHOCH,14,14
pos-rs-ord-284,GBPUSD,SHORT,GBPUSD-SHORT-2013-08-14T08:30:00.000Z,2013-08-14T08:30:00.000Z,2013-08-14T08:30:00.000Z,2013-08-14T09:30:00.000Z,60,1.54423,1.54537,1.54535,1.52044,0.91,STOP,101.92,-103.74,6.37,-110.11,-1.08,ASIAN_HIGH,true,BOS,16,8
pos-rs-ord-288,EURUSD,SHORT,EURUSD-SHORT-2013-09-04T09:15:00.000Z,2013-09-04T09:15:00.000Z,2013-09-04T09:25:00.000Z,2013-09-04T10:05:00.000Z,40,1.31688,1.31778,1.31776,1.31382,1.13,STOP,99.44,-101.7,7.91,-109.61,-1.1,SWING_HIGH,false,BOS,14,9
pos-rs-ord-292,GBPUSD,SHORT,GBPUSD-SHORT-2013-09-13T06:45:00.000Z,2013-09-13T06:45:00.000Z,2013-09-13T07:00:00.000Z,2013-09-13T07:45:00.000Z,45,1.57842,1.57963,1.57961,1.57546,0.86,STOP,102.34,-104.06,6.02,-110.08,-1.08,SWING_HIGH,false,CHOCH,14,7
pos-rs-ord-293,USDJPY,SHORT,USDJPY-SHORT-2013-09-16T14:00:00.000Z,2013-09-16T14:00:00.000Z,2013-09-16T14:25:00.000Z,2013-09-16T16:40:00.000Z,135,98.743,98.947,98.945,98.314,0.52,STOP,106.39,-107.25,3.64,-110.89,-1.04,SWING_HIGH,false,CHOCH,14,14
pos-rs-ord-294,EURUSD,SHORT,EURUSD-SHORT-2013-09-20T13:15:00.000Z,2013-09-20T13:15:00.000Z,2013-09-20T13:40:00.000Z,2013-09-20T20:00:00.000Z,380,1.35289,1.3521,1.3549,1.33378,0.52,PROTECTIVE,104.52,41.08,3.64,37.44,0.36,SWING_HIGH,false,BOS,14,13
pos-rs-ord-295,GBPUSD,LONG,GBPUSD-LONG-2013-09-23T07:15:00.000Z,2013-09-23T07:15:00.000Z,2013-09-23T08:00:00.000Z,2013-09-23T13:45:00.000Z,345,1.60252,1.60658,1.60142,1.60658,0.92,TARGET,101.2,373.52,6.44,367.08,3.63,SWING_LOW,false,CHOCH,14,8
pos-rs-ord-297,EURUSD,SHORT,EURUSD-SHORT-2013-10-09T12:30:00.000Z,2013-10-09T12:30:00.000Z,2013-10-09T12:30:00.000Z,2013-10-10T12:15:00.000Z,1425,1.35165,1.35366,1.35364,1.34742,0.53,STOP,105.47,-106.53,3.71,-110.24,-1.05,SWING_HIGH,false,BOS,14,12
pos-rs-ord-299,USDJPY,LONG,USDJPY-LONG-2013-10-10T23:00:00.000Z,2013-10-10T23:00:00.000Z,2013-10-10T23:05:00.000Z,2013-10-10T23:15:00.000Z,10,98.231,98.134,98.136,98.559,1.04,STOP,100.56,-102.67,7.28,-109.95,-1.09,SWING_LOW,false,BOS,14,23
pos-rs-ord-301,GBPUSD,LONG,GBPUSD-LONG-2013-10-14T12:15:00.000Z,2013-10-14T12:15:00.000Z,2013-10-14T12:20:00.000Z,2013-10-15T01:55:00.000Z,815,1.59827,1.59529,1.59531,1.60689,0.36,STOP,106.56,-107.28,2.52,-109.8,-1.03,ASIAN_LOW,true,CHOCH,16,12
pos-rs-ord-302,GBPUSD,LONG,GBPUSD-LONG-2013-10-17T07:15:00.000Z,2013-10-17T07:15:00.000Z,2013-10-17T07:45:00.000Z,2013-10-17T08:35:00.000Z,50,1.5985,1.60211,1.59698,1.60211,0.68,TARGET,103.36,245.48,4.76,240.72,2.33,SWING_LOW,false,CHOCH,14,7
pos-rs-ord-304,GBPUSD,LONG,GBPUSD-LONG-2013-10-24T07:15:00.000Z,2013-10-24T07:15:00.000Z,2013-10-24T07:55:00.000Z,2013-10-24T08:25:00.000Z,30,1.61989,1.6184,1.61842,1.62559,0.71,STOP,104.37,-105.79,4.97,-110.76,-1.06,SWING_LOW,false,CHOCH,14,7
pos-rs-ord-307,GBPUSD,SHORT,GBPUSD-SHORT-2013-11-11T16:15:00.000Z,2013-11-11T16:15:00.000Z,2013-11-11T16:25:00.000Z,2013-11-11T19:10:00.000Z,165,1.59782,1.59892,1.5989,1.59563,0.94,STOP,101.52,-103.4,6.58,-109.98,-1.08,SWING_HIGH,false,CHOCH,14,16
pos-rs-ord-309,GBPUSD,SHORT,GBPUSD-SHORT-2013-11-20T10:00:00.000Z,2013-11-20T10:00:00.000Z,2013-11-20T10:00:00.000Z,2013-11-20T10:10:00.000Z,10,1.61334,1.61529,1.61527,1.60934,0.55,STOP,106.15,-107.25,3.85,-111.1,-1.05,SWING_HIGH,false,CHOCH,14,10
pos-rs-ord-310,GBPUSD,LONG,GBPUSD-LONG-2013-11-22T12:45:00.000Z,2013-11-22T12:45:00.000Z,2013-11-22T12:55:00.000Z,2013-11-22T16:00:00.000Z,185,1.62028,1.61861,1.61863,1.62381,0.63,STOP,103.95,-105.21,4.41,-109.62,-1.05,SWING_LOW,false,CHOCH,14,12
pos-rs-ord-314,GBPUSD,SHORT,GBPUSD-SHORT-2013-12-04T14:15:00.000Z,2013-12-04T14:15:00.000Z,2013-12-04T14:40:00.000Z,2013-12-04T17:30:00.000Z,170,1.63458,1.63764,1.63762,1.62761,0.35,STOP,106.4,-107.1,2.45,-109.55,-1.03,SWING_HIGH,false,CHOCH,14,14
pos-rs-ord-317,USDJPY,LONG,USDJPY-LONG-2013-12-09T08:30:00.000Z,2013-12-09T08:30:00.000Z,2013-12-09T08:35:00.000Z,2013-12-09T13:00:00.000Z,265,103.093,102.986,102.988,103.307,0.98,STOP,99.78,-101.8,6.86,-108.66,-1.09,SWING_LOW,false,BOS,14,8
pos-rs-ord-318,USDJPY,LONG,USDJPY-LONG-2013-12-12T14:00:00.000Z,2013-12-12T14:00:00.000Z,2013-12-12T14:00:00.000Z,2013-12-12T21:30:00.000Z,450,102.862,103.355,102.64,103.355,0.49,TARGET,105.63,233.84,3.43,230.41,2.18,SWING_LOW,false,CHOCH,14,14
pos-rs-ord-320,USDJPY,SHORT,USDJPY-SHORT-2014-01-03T14:45:00.000Z,2014-01-03T14:45:00.000Z,2014-01-03T14:45:00.000Z,2014-01-03T16:10:00.000Z,85,104.39,104.539,104.537,104.07,0.73,STOP,102.85,-104.11,5.11,-109.22,-1.06,SWING_HIGH,false,CHOCH,14,14
pos-rs-ord-322,USDJPY,LONG,USDJPY-LONG-2014-01-08T07:30:00.000Z,2014-01-08T07:30:00.000Z,2014-01-08T08:15:00.000Z,2014-01-08T10:35:00.000Z,140,104.952,104.825,104.827,105.426,0.85,STOP,101.2,-102.93,5.95,-108.88,-1.08,SWING_LOW,false,BOS,14,8
pos-rs-ord-324,USDJPY,LONG,USDJPY-LONG-2014-01-08T14:45:00.000Z,2014-01-08T14:45:00.000Z,2014-01-08T14:45:00.000Z,2014-01-09T16:15:00.000Z,1530,104.809,104.691,104.693,105.051,0.91,STOP,100.71,-102.53,6.37,-108.9,-1.08,SWING_LOW,false,CHOCH,14,14
pos-rs-ord-323,GBPUSD,LONG,GBPUSD-LONG-2014-01-08T14:30:00.000Z,2014-01-08T14:30:00.000Z,2014-01-08T14:35:00.000Z,2014-01-10T13:30:00.000Z,2815,1.64394,1.63976,1.63978,1.65573,0.26,STOP,108.16,-108.68,1.82,-110.5,-1.02,SWING_LOW,false,BOS,14,14
pos-rs-ord-326,USDJPY,LONG,USDJPY-LONG-2014-01-22T05:45:00.000Z,2014-01-22T05:45:00.000Z,2014-01-22T06:05:00.000Z,2014-01-23T13:35:00.000Z,1890,104.418,103.958,103.96,105.343,0.24,STOP,105.25,-106.13,1.68,-107.81,-1.02,PDL,true,CHOCH,16,6
pos-rs-ord-328,GBPUSD,SHORT,GBPUSD-SHORT-2014-02-05T06:45:00.000Z,2014-02-05T06:45:00.000Z,2014-02-05T06:50:00.000Z,2014-02-05T07:30:00.000Z,40,1.63332,1.63151,1.63407,1.63151,1.27,TARGET,95.25,229.87,8.89,220.98,2.32,ASIAN_HIGH,true,CHOCH,16,6
pos-rs-ord-329,USDJPY,LONG,USDJPY-LONG-2014-02-07T14:45:00.000Z,2014-02-07T14:45:00.000Z,2014-02-07T14:50:00.000Z,2014-02-07T21:00:00.000Z,370,102.318,102.256,101.426,104.357,0.12,PROTECTIVE,104.59,-7.28,0.84,-8.12,-0.08,ASIAN_LOW,true,CHOCH,16,14
pos-rs-ord-330,EURUSD,LONG,EURUSD-LONG-2014-02-10T16:15:00.000Z,2014-02-10T16:15:00.000Z,2014-02-10T16:30:00.000Z,2014-02-11T00:55:00.000Z,505,1.36422,1.36745,1.36283,1.36745,0.73,TARGET,101.47,235.79,5.11,230.68,2.27,EQUAL_LOWS,false,CHOCH,14,16
pos-rs-ord-331,USDJPY,SHORT,USDJPY-SHORT-2014-02-11T00:15:00.000Z,2014-02-11T00:15:00.000Z,2014-02-11T00:15:00.000Z,2014-02-11T05:25:00.000Z,310,102.162,102.269,102.267,101.441,0.81,STOP,83.26,-84.77,5.67,-90.44,-1.09,SWING_HIGH,false,BOS,14,0
pos-rs-ord-335,GBPUSD,LONG,GBPUSD-LONG-2014-02-25T08:00:00.000Z,2014-02-25T08:00:00.000Z,2014-02-25T08:30:00.000Z,2014-02-25T15:20:00.000Z,410,1.6668,1.66591,1.66593,1.67239,1.13,STOP,98.31,-100.57,7.91,-108.48,-1.1,SWING_LOW,false,CHOCH,14,8
pos-rs-ord-336,USDJPY,LONG,USDJPY-LONG-2014-02-28T15:00:00.000Z,2014-02-28T15:00:00.000Z,2014-02-28T15:55:00.000Z,2014-02-28T20:05:00.000Z,250,102.076,101.773,101.775,102.824,0.36,STOP,106.11,-107.16,2.52,-109.68,-1.03,SWING_LOW,false,BOS,14,15
pos-rs-ord-337,EURUSD,SHORT,EURUSD-SHORT-2014-03-04T02:00:00.000Z,2014-03-04T02:00:00.000Z,2014-03-04T02:00:00.000Z,2014-03-04T06:05:00.000Z,245,1.37264,1.37388,1.37386,1.36944,0.83,STOP,101.26,-102.92,5.81,-108.73,-1.07,SWING_HIGH,false,BOS,14,2
pos-rs-ord-338,EURUSD,SHORT,EURUSD-SHORT-2014-03-06T08:30:00.000Z,2014-03-06T08:30:00.000Z,2014-03-06T09:15:00.000Z,2014-03-06T11:00:00.000Z,105,1.37313,1.37387,1.37385,1.37093,1.32,STOP,95.04,-97.68,9.24,-106.92,-1.12,ASIAN_HIGH,true,CHOCH,16,9
pos-rs-ord-339,GBPUSD,SHORT,GBPUSD-SHORT-2014-03-07T07:15:00.000Z,2014-03-07T07:15:00.000Z,2014-03-07T07:30:00.000Z,2014-03-07T08:40:00.000Z,70,1.67334,1.67433,1.67431,1.67133,1.01,STOP,97.97,-99.99,7.07,-107.06,-1.09,ASIAN_HIGH,true,CHOCH,16,7
pos-rs-ord-340,EURUSD,SHORT,EURUSD-SHORT-2014-03-12T09:00:00.000Z,2014-03-12T09:00:00.000Z,2014-03-12T09:10:00.000Z,2014-03-12T10:45:00.000Z,95,1.38513,1.38615,1.38613,1.3728,0.98,STOP,98,-99.96,6.86,-106.82,-1.09,SWING_HIGH,false,CHOCH,14,9
pos-rs-ord-343,EURUSD,SHORT,EURUSD-SHORT-2014-03-28T00:30:00.000Z,2014-03-28T00:30:00.000Z,2014-03-28T00:30:00.000Z,2014-03-28T03:05:00.000Z,155,1.37415,1.3746,1.37458,1.37282,2,STOP,86,-90,14,-104,-1.21,SWING_HIGH,false,CHOCH,14,0
pos-rs-ord-344,USDJPY,SHORT,USDJPY-SHORT-2014-04-04T15:00:00.000Z,2014-04-04T15:00:00.000Z,2014-04-04T15:05:00.000Z,2014-04-04T20:00:00.000Z,295,103.728,103.241,104.133,102.89,0.27,PROTECTIVE,105.46,127.37,1.89,125.48,1.19,PDH,true,CHOCH,16,15
pos-rs-ord-351,EURUSD,SHORT,EURUSD-SHORT-2014-04-14T07:30:00.000Z,2014-04-14T07:30:00.000Z,2014-04-14T08:05:00.000Z,2014-04-14T08:30:00.000Z,25,1.38474,1.38585,1.38583,1.38018,0.91,STOP,99.19,-101.01,6.37,-107.38,-1.08,ASIAN_HIGH,true,CHOCH,16,8
pos-rs-ord-353,EURUSD,LONG,EURUSD-LONG-2014-04-18T14:15:00.000Z,2014-04-18T14:15:00.000Z,2014-04-18T14:15:00.000Z,2014-04-18T15:55:00.000Z,100,1.38179,1.3815,1.38152,1.38233,2.82,STOP,76.14,-81.78,19.74,-101.52,-1.33,SWING_LOW,false,CHOCH,14,14
pos-rs-ord-356,USDJPY,SHORT,USDJPY-SHORT-2014-04-23T16:45:00.000Z,2014-04-23T16:45:00.000Z,2014-04-23T17:15:00.000Z,2014-04-23T19:55:00.000Z,160,102.273,102.392,102.39,102.033,0.87,STOP,99.53,-101.12,6.09,-107.21,-1.08,SWING_HIGH,false,CHOCH,14,17
pos-rs-ord-357,GBPUSD,SHORT,GBPUSD-SHORT-2014-05-02T07:00:00.000Z,2014-05-02T07:00:00.000Z,2014-05-02T07:05:00.000Z,2014-05-02T07:10:00.000Z,5,1.68828,1.68858,1.68856,1.68749,2.74,STOP,76.72,-82.2,19.18,-101.38,-1.32,SWING_HIGH,false,CHOCH,14,7
pos-rs-ord-359,EURUSD,SHORT,EURUSD-SHORT-2014-05-09T08:00:00.000Z,2014-05-09T08:00:00.000Z,2014-05-09T08:05:00.000Z,2014-05-09T13:20:00.000Z,315,1.38294,1.37738,1.38432,1.37738,0.72,TARGET,99.36,400.32,5.04,395.28,3.98,SWING_HIGH,false,CHOCH,14,8
pos-rs-ord-360,EURUSD,LONG,EURUSD-LONG-2014-05-19T15:45:00.000Z,2014-05-19T15:45:00.000Z,2014-05-19T15:45:00.000Z,2014-05-20T07:35:00.000Z,950,1.37246,1.37016,1.37018,1.3771,0.46,STOP,104.88,-105.8,3.22,-109.02,-1.04,SWING_LOW,false,BOS,14,15
pos-rs-ord-361,GBPUSD,LONG,GBPUSD-LONG-2014-05-26T16:00:00.000Z,2014-05-26T16:00:00.000Z,2014-05-26T16:05:00.000Z,2014-05-27T07:40:00.000Z,935,1.6843,1.68744,1.68338,1.68744,1.05,TARGET,96.6,329.7,7.35,322.35,3.34,SWING_LOW,false,CHOCH,14,16
pos-rs-ord-366,EURUSD,LONG,EURUSD-LONG-2014-06-27T08:00:00.000Z,2014-06-27T08:00:00.000Z,2014-06-27T08:10:00.000Z,2014-06-27T08:25:00.000Z,15,1.36264,1.36225,1.36227,1.36409,2.26,STOP,83.62,-88.14,15.82,-103.96,-1.24,SWING_LOW,false,CHOCH,14,8
pos-rs-ord-368,USDJPY,LONG,USDJPY-LONG-2014-07-15T02:00:00.000Z,2014-07-15T02:00:00.000Z,2014-07-15T02:30:00.000Z,2014-07-15T09:10:00.000Z,400,101.588,101.521,101.523,101.855,1.45,STOP,92.77,-95.66,10.15,-105.81,-1.14,SWING_LOW,false,CHOCH,14,2
pos-rs-ord-369,USDJPY,LONG,USDJPY-LONG-2014-07-18T14:30:00.000Z,2014-07-18T14:30:00.000Z,2014-07-18T15:00:00.000Z,2014-07-18T20:00:00.000Z,300,101.366,101.351,101.272,101.576,1.05,PROTECTIVE,97.35,-15.54,7.35,-22.89,-0.24,SWING_LOW,false,CHOCH,14,15
pos-rs-ord-374,GBPUSD,LONG,GBPUSD-LONG-2014-09-12T08:00:00.000Z,2014-09-12T08:00:00.000Z,2014-09-12T08:00:00.000Z,2014-09-12T12:35:00.000Z,275,1.62408,1.62158,1.6216,1.63323,0.42,STOP,104.16,-105,2.94,-107.94,-1.04,ASIAN_LOW,true,BOS,16,8
pos-rs-ord-376,GBPUSD,LONG,GBPUSD-LONG-2014-09-24T10:30:00.000Z,2014-09-24T10:30:00.000Z,2014-09-24T10:45:00.000Z,2014-09-24T14:10:00.000Z,205,1.63938,1.63711,1.63713,1.64695,0.46,STOP,103.5,-104.42,3.22,-107.64,-1.04,SWING_LOW,false,CHOCH,14,10
pos-rs-ord-377,USDJPY,SHORT,USDJPY-SHORT-2014-10-02T14:30:00.000Z,2014-10-02T14:30:00.000Z,2014-10-02T14:30:00.000Z,2014-10-03T03:00:00.000Z,750,108.58,108.899,108.897,107.37,0.36,STOP,105.21,-105.52,2.52,-108.04,-1.03,SWING_HIGH,false,CHOCH,14,14
pos-rs-ord-379,EURUSD,LONG,EURUSD-LONG-2014-10-07T08:30:00.000Z,2014-10-07T08:30:00.000Z,2014-10-07T08:50:00.000Z,2014-10-07T10:40:00.000Z,110,1.26404,1.26063,1.26065,1.27118,0.31,STOP,105.09,-105.71,2.17,-107.88,-1.03,SWING_LOW,false,BOS,14,8
pos-rs-ord-381,EURUSD,LONG,EURUSD-LONG-2014-10-08T16:15:00.000Z,2014-10-08T16:15:00.000Z,2014-10-08T16:20:00.000Z,2014-10-08T18:35:00.000Z,135,1.26724,1.26566,1.26568,1.27057,0.65,STOP,101.4,-102.7,4.55,-107.25,-1.06,SWING_LOW,false,BOS,14,16
pos-rs-ord-384,USDJPY,LONG,USDJPY-LONG-2014-10-22T06:15:00.000Z,2014-10-22T06:15:00.000Z,2014-10-22T06:55:00.000Z,2014-10-22T07:20:00.000Z,25,106.955,106.824,106.826,107.319,0.82,STOP,98.87,-100.52,5.74,-106.26,-1.07,SWING_LOW,false,CHOCH,14,6
pos-rs-ord-385,EURUSD,SHORT,EURUSD-SHORT-2014-10-23T08:00:00.000Z,2014-10-23T08:00:00.000Z,2014-10-23T08:30:00.000Z,2014-10-23T08:35:00.000Z,5,1.26426,1.26511,1.26509,1.26244,1.14,STOP,94.62,-96.9,7.98,-104.88,-1.11,ASIAN_HIGH,true,CHOCH,16,8
pos-rs-ord-387,EURUSD,LONG,EURUSD-LONG-2014-10-24T02:00:00.000Z,2014-10-24T02:00:00.000Z,2014-10-24T02:10:00.000Z,2014-10-24T08:00:00.000Z,350,1.26523,1.26463,1.26465,1.26722,1.55,STOP,89.9,-93,10.85,-103.85,-1.16,SWING_LOW,false,CHOCH,14,2
pos-rs-ord-389,USDJPY,LONG,USDJPY-LONG-2014-11-07T12:45:00.000Z,2014-11-07T12:45:00.000Z,2014-11-07T13:30:00.000Z,2014-11-07T13:35:00.000Z,5,115.248,115.125,115.127,115.518,0.93,STOP,98.06,-99.68,6.51,-106.19,-1.08,SWING_LOW,false,CHOCH,14,13
pos-rs-ord-391,EURUSD,LONG,EURUSD-LONG-2014-11-19T14:00:00.000Z,2014-11-19T14:00:00.000Z,2014-11-19T14:30:00.000Z,2014-11-19T15:15:00.000Z,45,1.2547,1.25286,1.25288,1.25918,0.55,STOP,100.1,-101.2,3.85,-105.05,-1.05,SWING_LOW,false,CHOCH,14,14
pos-rs-ord-392,GBPUSD,SHORT,GBPUSD-SHORT-2014-12-04T09:45:00.000Z,2014-12-04T09:45:00.000Z,2014-12-04T09:50:00.000Z,2014-12-04T13:55:00.000Z,245,1.56734,1.57033,1.57031,1.56037,0.34,STOP,100.98,-101.66,2.38,-104.04,-1.03,SWING_HIGH,false,BOS,14,9
pos-rs-ord-394,EURUSD,LONG,EURUSD-LONG-2014-12-14T23:00:00.000Z,2014-12-14T23:00:00.000Z,2014-12-14T23:00:00.000Z,2014-12-15T03:40:00.000Z,280,1.24712,1.24433,1.24435,1.25322,0.37,STOP,102.49,-103.23,2.59,-105.82,-1.03,SWING_LOW,false,CHOCH,14,23
pos-rs-ord-395,EURUSD,SHORT,EURUSD-SHORT-2014-12-15T08:30:00.000Z,2014-12-15T08:30:00.000Z,2014-12-15T08:40:00.000Z,2014-12-15T16:45:00.000Z,485,1.24446,1.2474,1.24738,1.23847,0.35,STOP,102.2,-102.9,2.45,-105.35,-1.03,SWING_HIGH,false,CHOCH,14,8
pos-rs-ord-397,USDJPY,LONG,USDJPY-LONG-2014-12-17T15:30:00.000Z,2014-12-17T15:30:00.000Z,2014-12-17T15:30:00.000Z,2014-12-17T19:45:00.000Z,255,117.242,118.182,116.81,118.182,0.28,TARGET,103.14,223.33,1.96,221.37,2.15,SWING_LOW,false,BOS,14,15
pos-rs-ord-400,GBPUSD,LONG,GBPUSD-LONG-2014-12-24T18:45:00.000Z,2014-12-24T18:45:00.000Z,2014-12-24T18:55:00.000Z,2014-12-26T21:00:00.000Z,3005,1.55571,1.55529,1.55361,1.56085,0.48,PROTECTIVE,100.8,-20.16,3.36,-23.52,-0.23,SWING_LOW,false,BOS,14,18
pos-rs-ord-405,GBPUSD,LONG,GBPUSD-LONG-2015-01-11T22:45:00.000Z,2015-01-11T22:45:00.000Z,2015-01-11T23:15:00.000Z,2015-01-12T07:50:00.000Z,515,1.51804,1.51515,1.51517,1.52486,0.35,STOP,100.45,-101.15,2.45,-103.6,-1.03,SWING_LOW,false,BOS,14,23
pos-rs-ord-406,EURUSD,LONG,EURUSD-LONG-2015-01-16T07:00:00.000Z,2015-01-16T07:00:00.000Z,2015-01-16T07:00:00.000Z,2015-01-16T08:55:00.000Z,115,1.16353,1.16212,1.16214,1.17473,0.7,STOP,97.3,-98.7,4.9,-103.6,-1.06,SWING_LOW,false,CHOCH,14,7
pos-rs-ord-408,GBPUSD,LONG,GBPUSD-LONG-2015-01-27T01:45:00.000Z,2015-01-27T01:45:00.000Z,2015-01-27T01:45:00.000Z,2015-01-27T07:55:00.000Z,370,1.50976,1.50785,1.50787,1.52127,0.53,STOP,100.17,-101.23,3.71,-104.94,-1.05,SWING_LOW,false,BOS,14,1
pos-rs-ord-409,USDJPY,SHORT,USDJPY-SHORT-2015-02-02T15:30:00.000Z,2015-02-02T15:30:00.000Z,2015-02-02T16:05:00.000Z,2015-02-03T14:00:00.000Z,1315,117.439,117.721,117.719,116.342,0.42,STOP,100.19,-100.68,2.94,-103.62,-1.03,SWING_HIGH,false,CHOCH,14,16
pos-rs-ord-411,USDJPY,SHORT,USDJPY-SHORT-2015-02-10T01:15:00.000Z,2015-02-10T01:15:00.000Z,2015-02-10T01:30:00.000Z,2015-02-10T07:30:00.000Z,360,118.516,118.67,118.668,117.18,0.76,STOP,97.48,-98.65,5.32,-103.97,-1.07,SWING_HIGH,false,CHOCH,14,1
pos-rs-ord-415,GBPUSD,LONG,GBPUSD-LONG-2015-02-18T19:30:00.000Z,2015-02-18T19:30:00.000Z,2015-02-18T19:55:00.000Z,2015-02-19T13:25:00.000Z,1050,1.54402,1.54146,1.54148,1.55481,0.39,STOP,99.06,-99.84,2.73,-102.57,-1.04,EQUAL_LOWS,false,BOS,14,19
pos-rs-ord-417,EURUSD,LONG,EURUSD-LONG-2015-02-26T04:30:00.000Z,2015-02-26T04:30:00.000Z,2015-02-26T05:15:00.000Z,2015-02-26T07:35:00.000Z,140,1.13704,1.13627,1.13629,1.13889,1.21,STOP,90.75,-93.17,8.47,-101.64,-1.12,SWING_LOW,false,BOS,14,5
pos-rs-ord-420,EURUSD,SHORT,EURUSD-SHORT-2015-03-12T01:30:00.000Z,2015-03-12T01:30:00.000Z,2015-03-12T01:30:00.000Z,2015-03-12T03:25:00.000Z,115,1.05427,1.05116,1.05562,1.05116,0.71,TARGET,95.85,220.81,4.97,215.84,2.25,SWING_HIGH,false,CHOCH,14,1
pos-rs-ord-423,GBPUSD,SHORT,GBPUSD-SHORT-2015-03-30T08:00:00.000Z,2015-03-30T08:00:00.000Z,2015-03-30T08:25:00.000Z,2015-03-30T09:20:00.000Z,55,1.48308,1.48628,1.48626,1.47241,0.32,STOP,101.76,-102.4,2.24,-104.64,-1.03,SWING_HIGH,false,BOS,14,8
pos-rs-ord-425,GBPUSD,SHORT,GBPUSD-SHORT-2015-04-15T08:45:00.000Z,2015-04-15T08:45:00.000Z,2015-04-15T09:10:00.000Z,2015-04-15T13:35:00.000Z,265,1.47473,1.47793,1.47791,1.4638,0.32,STOP,101.76,-102.4,2.24,-104.64,-1.03,ASIAN_HIGH,true,CHOCH,16,9
pos-rs-ord-427,EURUSD,LONG,EURUSD-LONG-2015-04-17T01:30:00.000Z,2015-04-17T01:30:00.000Z,2015-04-17T02:25:00.000Z,2015-04-17T07:50:00.000Z,325,1.0768,1.07529,1.07531,1.08179,0.65,STOP,96.85,-98.15,4.55,-102.7,-1.06,EQUAL_LOWS,false,CHOCH,14,2
pos-rs-ord-431,GBPUSD,SHORT,GBPUSD-SHORT-2015-04-27T08:00:00.000Z,2015-04-27T08:00:00.000Z,2015-04-27T08:15:00.000Z,2015-04-27T12:40:00.000Z,265,1.5172,1.51122,1.51908,1.51122,0.52,TARGET,97.76,310.96,3.64,307.32,3.14,PDH,true,BOS,16,8
pos-rs-ord-433,GBPUSD,SHORT,GBPUSD-SHORT-2015-05-07T15:15:00.000Z,2015-05-07T15:15:00.000Z,2015-05-07T15:30:00.000Z,2015-05-07T19:25:00.000Z,235,1.51942,1.52378,1.52376,1.50896,0.23,STOP,99.82,-100.28,1.61,-101.89,-1.02,SWING_HIGH,false,BOS,14,15
pos-rs-ord-437,USDJPY,SHORT,USDJPY-SHORT-2015-06-08T08:15:00.000Z,2015-06-08T08:15:00.000Z,2015-06-08T09:05:00.000Z,2015-06-08T19:15:00.000Z,610,125.364,124.649,125.607,124.649,0.51,TARGET,98.89,292.37,3.57,288.8,2.92,SWING_HIGH,false,CHOCH,14,9
pos-rs-ord-438,USDJPY,SHORT,USDJPY-SHORT-2015-06-09T10:30:00.000Z,2015-06-09T10:30:00.000Z,2015-06-09T10:35:00.000Z,2015-06-10T05:50:00.000Z,1155,124.229,122.955,124.634,122.955,0.31,TARGET,101.12,320.43,2.17,318.26,3.15,SWING_HIGH,false,BOS,14,10
pos-rs-ord-439,GBPUSD,LONG,GBPUSD-LONG-2015-06-10T08:45:00.000Z,2015-06-10T08:45:00.000Z,2015-06-10T09:25:00.000Z,2015-06-10T13:25:00.000Z,240,1.54316,1.54979,1.53996,1.54979,0.32,TARGET,102.4,212.16,2.24,209.92,2.05,SWING_LOW,false,BOS,14,9
pos-rs-ord-440,EURUSD,LONG,EURUSD-LONG-2015-06-16T08:15:00.000Z,2015-06-16T08:15:00.000Z,2015-06-16T08:40:00.000Z,2015-06-16T09:45:00.000Z,65,1.12924,1.12582,1.12584,1.13867,0.3,STOP,102,-102.6,2.1,-104.7,-1.03,ASIAN_LOW,true,BOS,16,8
pos-rs-ord-441,EURUSD,SHORT,EURUSD-SHORT-2015-06-25T03:00:00.000Z,2015-06-25T03:00:00.000Z,2015-06-25T03:15:00.000Z,2015-06-25T03:50:00.000Z,35,1.12031,1.12107,1.12105,1.11701,1.25,STOP,92.5,-95,8.75,-103.75,-1.12,SWING_HIGH,false,CHOCH,14,3
pos-rs-ord-442,GBPUSD,SHORT,GBPUSD-SHORT-2015-06-30T08:00:00.000Z,2015-06-30T08:00:00.000Z,2015-06-30T08:20:00.000Z,2015-06-30T09:35:00.000Z,75,1.57158,1.57413,1.57333,1.56626,0.57,STOP,99.75,-145.35,3.99,-149.34,-1.5,SWING_HIGH,false,BOS,14,8
pos-rs-ord-446,GBPUSD,LONG,GBPUSD-LONG-2015-07-27T07:45:00.000Z,2015-07-27T07:45:00.000Z,2015-07-27T07:50:00.000Z,2015-07-27T08:10:00.000Z,20,1.55298,1.5513,1.55132,1.55744,0.6,STOP,99.6,-100.8,4.2,-105,-1.05,ASIAN_LOW,true,BOS,16,7
pos-rs-ord-447,GBPUSD,LONG,GBPUSD-LONG-2015-07-28T21:15:00.000Z,2015-07-28T21:15:00.000Z,2015-07-28T22:00:00.000Z,2015-07-29T07:20:00.000Z,560,1.56057,1.55944,1.55946,1.56282,0.86,STOP,95.46,-97.18,6.02,-103.2,-1.08,SWING_LOW,false,CHOCH,14,22
pos-rs-ord-450,EURUSD,SHORT,EURUSD-SHORT-2015-08-13T14:00:00.000Z,2015-08-13T14:00:00.000Z,2015-08-13T14:00:00.000Z,2015-08-13T14:55:00.000Z,55,1.11033,1.11249,1.11247,1.10571,0.47,STOP,100.58,-101.52,3.29,-104.81,-1.04,SWING_HIGH,false,BOS,14,14
pos-rs-ord-454,EURUSD,LONG,EURUSD-LONG-2015-09-01T06:00:00.000Z,2015-09-01T06:00:00.000Z,2015-09-01T06:00:00.000Z,2015-09-01T07:05:00.000Z,65,1.12676,1.12846,1.12602,1.12846,1.23,TARGET,91.02,209.1,8.61,200.49,2.2,SWING_LOW,false,CHOCH,14,6
pos-rs-ord-455,EURUSD,LONG,EURUSD-LONG-2015-09-01T08:45:00.000Z,2015-09-01T08:45:00.000Z,2015-09-01T09:30:00.000Z,2015-09-01T10:50:00.000Z,80,1.12932,1.12618,1.1262,1.13644,0.32,STOP,99.84,-100.48,2.24,-102.72,-1.03,SWING_LOW,false,BOS,14,9
pos-rs-ord-456,GBPUSD,LONG,GBPUSD-LONG-2015-09-08T01:00:00.000Z,2015-09-08T01:00:00.000Z,2015-09-08T01:00:00.000Z,2015-09-08T03:55:00.000Z,175,1.52735,1.52882,1.52701,1.52882,2.31,TARGET,78.54,339.57,16.17,323.4,4.12,SWING_LOW,false,CHOCH,14,1
pos-rs-ord-457,EURUSD,LONG,EURUSD-LONG-2015-09-11T08:30:00.000Z,2015-09-11T08:30:00.000Z,2015-09-11T08:50:00.000Z,2015-09-11T10:20:00.000Z,90,1.12924,1.12745,1.12747,1.13323,0.56,STOP,99.12,-100.24,3.92,-104.16,-1.05,SWING_LOW,false,BOS,14,8
pos-rs-ord-459,USDJPY,LONG,USDJPY-LONG-2015-10-02T07:15:00.000Z,2015-10-02T07:15:00.000Z,2015-10-02T07:55:00.000Z,2015-10-02T13:05:00.000Z,310,120.014,120.271,119.886,120.271,0.9,TARGET,95.97,192.37,6.3,186.07,1.94,SWING_LOW,false,CHOCH,14,7
pos-rs-ord-460,USDJPY,SHORT,USDJPY-SHORT-2015-10-13T02:30:00.000Z,2015-10-13T02:30:00.000Z,2015-10-13T03:00:00.000Z,2015-10-14T20:25:00.000Z,2485,119.919,118.685,120.086,118.685,0.71,TARGET,98.88,737.76,4.97,732.79,7.41,SWING_HIGH,false,CHOCH,14,3
pos-rs-ord-463,USDJPY,SHORT,USDJPY-SHORT-2015-10-22T09:15:00.000Z,2015-10-22T09:15:00.000Z,2015-10-22T09:45:00.000Z,2015-10-22T13:30:00.000Z,225,119.717,119.823,119.821,119.489,1.11,STOP,96.43,-98.23,7.77,-106,-1.1,SWING_HIGH,false,BOS,14,9
pos-rs-ord-466,GBPUSD,LONG,GBPUSD-LONG-2015-10-30T11:45:00.000Z,2015-10-30T11:45:00.000Z,2015-10-30T12:00:00.000Z,2015-10-30T15:15:00.000Z,195,1.5342,1.53721,1.53288,1.53721,0.75,TARGET,99,225.75,5.25,220.5,2.23,SWING_LOW,false,CHOCH,14,12
pos-rs-ord-468,GBPUSD,LONG,GBPUSD-LONG-2015-11-19T00:30:00.000Z,2015-11-19T00:30:00.000Z,2015-11-19T00:40:00.000Z,2015-11-19T16:05:00.000Z,925,1.52445,1.52996,1.52272,1.52996,0.59,TARGET,102.07,325.09,4.13,320.96,3.14,SWING_LOW,false,CHOCH,14,0
pos-rs-ord-470,GBPUSD,SHORT,GBPUSD-SHORT-2015-11-23T07:30:00.000Z,2015-11-23T07:30:00.000Z,2015-11-23T08:15:00.000Z,2015-11-23T14:55:00.000Z,400,1.51626,1.51776,1.51774,1.51149,0.69,STOP,102.12,-103.5,4.83,-108.33,-1.06,SWING_HIGH,false,CHOCH,14,8
pos-rs-ord-471,USDJPY,SHORT,USDJPY-SHORT-2015-11-24T05:30:00.000Z,2015-11-24T05:30:00.000Z,2015-11-24T06:20:00.000Z,2015-11-24T07:55:00.000Z,95,122.768,122.671,122.805,122.671,2.67,TARGET,80.47,211.08,18.69,192.39,2.39,SWING_HIGH,false,CHOCH,14,6
pos-rs-ord-472,USDJPY,LONG,USDJPY-LONG-2015-11-30T16:15:00.000Z,2015-11-30T16:15:00.000Z,2015-11-30T16:50:00.000Z,2015-12-01T02:10:00.000Z,560,123.186,122.992,122.994,123.574,0.66,STOP,102.84,-104.06,4.62,-108.68,-1.06,SWING_LOW,false,BOS,14,16
pos-rs-ord-474,EURUSD,LONG,EURUSD-LONG-2015-12-01T09:15:00.000Z,2015-12-01T09:15:00.000Z,2015-12-01T09:30:00.000Z,2015-12-02T14:55:00.000Z,1765,1.06012,1.05771,1.05773,1.06896,0.43,STOP,102.77,-103.63,3.01,-106.64,-1.04,SWING_LOW,false,BOS,14,9
pos-rs-ord-475,GBPUSD,SHORT,GBPUSD-SHORT-2015-12-08T04:15:00.000Z,2015-12-08T04:15:00.000Z,2015-12-08T04:15:00.000Z,2015-12-08T08:00:00.000Z,225,1.50478,1.50561,1.50559,1.50315,1.18,STOP,95.58,-97.94,8.26,-106.2,-1.11,SWING_HIGH,false,BOS,14,4
pos-rs-ord-478,EURUSD,LONG,EURUSD-LONG-2015-12-09T05:15:00.000Z,2015-12-09T05:15:00.000Z,2015-12-09T05:50:00.000Z,2015-12-09T13:25:00.000Z,455,1.09091,1.09509,1.09033,1.09509,1.56,TARGET,90.48,652.08,10.92,641.16,7.09,SWING_LOW,false,CHOCH,14,5
pos-rs-ord-480,EURUSD,LONG,EURUSD-LONG-2015-12-10T14:00:00.000Z,2015-12-10T14:00:00.000Z,2015-12-10T14:05:00.000Z,2015-12-10T15:55:00.000Z,110,1.09584,1.09374,1.09376,1.10145,0.5,STOP,104,-105,3.5,-108.5,-1.04,SWING_LOW,false,CHOCH,14,14
pos-rs-ord-482,USDJPY,LONG,USDJPY-LONG-2015-12-16T08:00:00.000Z,2015-12-16T08:00:00.000Z,2015-12-16T08:45:00.000Z,2015-12-16T09:20:00.000Z,35,121.883,122.061,121.797,122.061,1.36,TARGET,95.92,198.4,9.52,188.88,1.97,SWING_LOW,false,CHOCH,14,8
pos-rs-ord-484,GBPUSD,LONG,GBPUSD-LONG-2015-12-16T20:00:00.000Z,2015-12-16T20:00:00.000Z,2015-12-16T20:10:00.000Z,2015-12-17T02:05:00.000Z,355,1.50396,1.49572,1.49574,1.52055,0.13,STOP,106.86,-107.12,0.91,-108.03,-1.01,EQUAL_LOWS,false,CHOCH,14,20
pos-rs-ord-485,USDJPY,SHORT,USDJPY-SHORT-2015-12-21T01:45:00.000Z,2015-12-21T01:45:00.000Z,2015-12-21T02:15:00.000Z,2015-12-21T05:15:00.000Z,180,121.184,121.396,121.394,120.577,0.6,STOP,104,-104.8,4.2,-109,-1.05,SWING_HIGH,false,BOS,14,2
pos-rs-ord-490,USDJPY,LONG,USDJPY-LONG-2016-01-18T08:45:00.000Z,2016-01-18T08:45:00.000Z,2016-01-18T08:45:00.000Z,2016-01-19T07:05:00.000Z,1340,117.279,117.934,117.006,117.934,0.45,TARGET,104.72,250.05,3.15,246.9,2.36,SWING_LOW,false,BOS,14,8
pos-rs-ord-492,USDJPY,LONG,USDJPY-LONG-2016-01-22T15:15:00.000Z,2016-01-22T15:15:00.000Z,2016-01-22T16:10:00.000Z,2016-01-22T21:00:00.000Z,290,118.398,118.833,117.858,119.583,0.23,PROTECTIVE,104.88,84.19,1.61,82.58,0.79,SWING_LOW,false,CHOCH,14,16
pos-rs-ord-494,EURUSD,LONG,EURUSD-LONG-2016-02-02T13:45:00.000Z,2016-02-02T13:45:00.000Z,2016-02-02T14:25:00.000Z,2016-02-02T15:55:00.000Z,90,1.09218,1.09088,1.0909,1.09489,0.79,STOP,101.12,-102.7,5.53,-108.23,-1.07,SWING_LOW,false,BOS,14,14
pos-rs-ord-495,GBPUSD,SHORT,GBPUSD-SHORT-2016-02-05T14:15:00.000Z,2016-02-05T14:15:00.000Z,2016-02-05T14:30:00.000Z,2016-02-05T21:00:00.000Z,390,1.44951,1.4501,1.45911,1.42831,0.11,PROTECTIVE,105.6,-6.49,0.77,-7.26,-0.07,ASIAN_HIGH,true,CHOCH,16,14
pos-rs-ord-496,GBPUSD,LONG,GBPUSD-LONG-2016-02-10T08:30:00.000Z,2016-02-10T08:30:00.000Z,2016-02-10T09:05:00.000Z,2016-02-10T09:35:00.000Z,30,1.44782,1.44396,1.44501,1.45428,0.38,STOP,106.78,-146.68,2.66,-149.34,-1.4,SWING_LOW,false,BOS,14,9
pos-rs-ord-498,EURUSD,SHORT,EURUSD-SHORT-2016-02-10T15:30:00.000Z,2016-02-10T15:30:00.000Z,2016-02-10T16:05:00.000Z,2016-02-10T19:50:00.000Z,225,1.12171,1.12748,1.12746,1.10868,0.18,STOP,103.5,-103.86,1.26,-105.12,-1.02,SWING_HIGH,false,CHOCH,14,16
pos-rs-ord-497,GBPUSD,LONG,GBPUSD-LONG-2016-02-10T11:15:00.000Z,2016-02-10T11:15:00.000Z,2016-02-10T11:30:00.000Z,2016-02-11T08:45:00.000Z,1275,1.4515,1.44387,1.44389,1.46677,0.14,STOP,106.54,-106.82,0.98,-107.8,-1.01,SWING_LOW,false,BOS,14,11
pos-rs-ord-499,USDJPY,SHORT,USDJPY-SHORT-2016-02-18T15:00:00.000Z,2016-02-18T15:00:00.000Z,2016-02-18T15:00:00.000Z,2016-02-18T20:40:00.000Z,340,113.822,113.378,113.938,113.378,0.97,TARGET,98.89,379.69,6.79,372.9,3.77,SWING_HIGH,false,BOS,14,15
pos-rs-ord-500,GBPUSD,SHORT,GBPUSD-SHORT-2016-02-19T10:00:00.000Z,2016-02-19T10:00:00.000Z,2016-02-19T10:10:00.000Z,2016-02-19T16:40:00.000Z,390,1.43055,1.43373,1.43371,1.42357,0.34,STOP,107.44,-108.12,2.38,-110.5,-1.03,SWING_HIGH,false,BOS,14,10
pos-rs-ord-501,GBPUSD,SHORT,GBPUSD-SHORT-2016-02-23T01:00:00.000Z,2016-02-23T01:00:00.000Z,2016-02-23T01:05:00.000Z,2016-02-23T02:45:00.000Z,100,1.4146,1.41153,1.41565,1.41153,0.95,TARGET,99.75,291.65,6.65,285,2.86,SWING_HIGH,false,BOS,14,1
pos-rs-ord-503,GBPUSD,LONG,GBPUSD-LONG-2016-03-01T08:00:00.000Z,2016-03-01T08:00:00.000Z,2016-03-01T08:10:00.000Z,2016-03-01T09:35:00.000Z,85,1.39495,1.39194,1.39196,1.40429,0.36,STOP,107.64,-108.36,2.52,-110.88,-1.03,EQUAL_LOWS,false,BOS,14,8
pos-rs-ord-506,GBPUSD,SHORT,GBPUSD-SHORT-2016-03-07T07:15:00.000Z,2016-03-07T07:15:00.000Z,2016-03-07T07:25:00.000Z,2016-03-07T16:30:00.000Z,545,1.4201,1.42164,1.42162,1.41083,0.68,STOP,103.36,-104.72,4.76,-109.48,-1.06,SWING_HIGH,false,CHOCH,14,7
pos-rs-ord-507,EURUSD,LONG,EURUSD-LONG-2016-03-08T00:45:00.000Z,2016-03-08T00:45:00.000Z,2016-03-08T01:15:00.000Z,2016-03-08T02:05:00.000Z,50,1.10153,1.10262,1.10106,1.10262,1.89,TARGET,88.83,206.01,13.23,192.78,2.17,SWING_LOW,false,CHOCH,14,1
pos-rs-ord-509,USDJPY,LONG,USDJPY-LONG-2016-03-14T08:15:00.000Z,2016-03-14T08:15:00.000Z,2016-03-14T08:45:00.000Z,2016-03-14T09:25:00.000Z,40,113.788,113.689,113.691,114.009,1.16,STOP,98.86,-100.98,8.12,-109.1,-1.1,SWING_LOW,false,CHOCH,14,8
pos-rs-ord-511,USDJPY,LONG,USDJPY-LONG-2016-03-27T23:00:00.000Z,2016-03-27T23:00:00.000Z,2016-03-27T23:00:00.000Z,2016-03-29T17:25:00.000Z,2545,113.244,113.022,113.024,113.82,0.54,STOP,104.83,-105.69,3.78,-109.47,-1.04,SWING_LOW,false,BOS,14,23
pos-rs-ord-512,EURUSD,LONG,EURUSD-LONG-2016-03-30T01:30:00.000Z,2016-03-30T01:30:00.000Z,2016-03-30T02:10:00.000Z,2016-03-30T08:10:00.000Z,360,1.12936,1.13144,1.12854,1.13144,1.18,TARGET,96.76,245.44,8.26,237.18,2.45,SWING_LOW,false,CHOCH,14,2
pos-rs-ord-513,GBPUSD,LONG,GBPUSD-LONG-2016-04-05T02:00:00.000Z,2016-04-05T02:00:00.000Z,2016-04-05T02:30:00.000Z,2016-04-05T03:40:00.000Z,70,1.42716,1.42591,1.42593,1.42989,0.83,STOP,102.09,-103.75,5.81,-109.56,-1.07,SWING_LOW,false,CHOCH,14,2
pos-rs-ord-514,EURUSD,SHORT,EURUSD-SHORT-2016-04-08T08:30:00.000Z,2016-04-08T08:30:00.000Z,2016-04-08T08:30:00.000Z,2016-04-08T08:45:00.000Z,15,1.13584,1.13778,1.13776,1.13105,0.54,STOP,103.68,-104.76,3.78,-108.54,-1.05,ASIAN_HIGH,true,BOS,16,8
pos-rs-ord-515,EURUSD,LONG,EURUSD-LONG-2016-04-11T07:45:00.000Z,2016-04-11T07:45:00.000Z,2016-04-11T07:55:00.000Z,2016-04-11T08:15:00.000Z,20,1.14147,1.14038,1.1404,1.14542,0.93,STOP,99.51,-101.37,6.51,-107.88,-1.08,SWING_LOW,false,BOS,14,7
pos-rs-ord-516,GBPUSD,LONG,GBPUSD-LONG-2016-04-13T04:30:00.000Z,2016-04-13T04:30:00.000Z,2016-04-13T04:35:00.000Z,2016-04-13T05:55:00.000Z,80,1.42659,1.42604,1.42606,1.42793,1.71,STOP,90.63,-94.05,11.97,-106.02,-1.17,SWING_LOW,false,CHOCH,14,4
pos-rs-ord-519,EURUSD,SHORT,EURUSD-SHORT-2016-04-14T08:30:00.000Z,2016-04-14T08:30:00.000Z,2016-04-14T08:40:00.000Z,2016-04-14T09:50:00.000Z,70,1.12502,1.12698,1.12696,1.11964,0.53,STOP,102.82,-103.88,3.71,-107.59,-1.05,SWING_HIGH,false,CHOCH,14,8
pos-rs-ord-520,GBPUSD,LONG,GBPUSD-LONG-2016-04-19T07:30:00.000Z,2016-04-19T07:30:00.000Z,2016-04-19T08:05:00.000Z,2016-04-19T08:15:00.000Z,10,1.43164,1.4303,1.43032,1.43475,0.76,STOP,100.32,-101.84,5.32,-107.16,-1.07,SWING_LOW,false,BOS,14,8
pos-rs-ord-521,USDJPY,LONG,USDJPY-LONG-2016-04-19T13:15:00.000Z,2016-04-19T13:15:00.000Z,2016-04-19T13:20:00.000Z,2016-04-19T13:35:00.000Z,15,109.397,109.305,109.307,109.668,1.17,STOP,96.24,-98.45,8.19,-106.64,-1.11,SWING_LOW,false,BOS,14,13
pos-rs-ord-522,USDJPY,SHORT,USDJPY-SHORT-2016-04-21T13:30:00.000Z,2016-04-21T13:30:00.000Z,2016-04-21T13:30:00.000Z,2016-04-22T05:40:00.000Z,970,109.696,109.825,109.823,109.196,0.86,STOP,99.58,-101.17,6.02,-107.19,-1.08,SWING_HIGH,false,CHOCH,14,13
pos-rs-ord-526,EURUSD,SHORT,EURUSD-SHORT-2016-05-04T09:30:00.000Z,2016-05-04T09:30:00.000Z,2016-05-04T09:40:00.000Z,2016-05-04T13:05:00.000Z,205,1.1486,1.15124,1.15122,1.14335,0.4,STOP,104.8,-105.6,2.8,-108.4,-1.03,ASIAN_HIGH,true,BOS,16,9
pos-rs-ord-529,USDJPY,LONG,USDJPY-LONG-2016-05-05T15:15:00.000Z,2016-05-05T15:15:00.000Z,2016-05-05T15:25:00.000Z,2016-05-06T13:30:00.000Z,1325,107.257,106.797,106.799,108.202,0.16,STOP,68.28,-68.82,1.12,-69.94,-1.02,ASIAN_LOW,true,BOS,16,15
pos-rs-ord-527,GBPUSD,SHORT,GBPUSD-SHORT-2016-05-04T09:30:00.000Z,2016-05-04T09:30:00.000Z,2016-05-04T09:35:00.000Z,2016-05-06T20:00:00.000Z,3505,1.45148,1.4421,1.45732,1.43814,0.18,PROTECTIVE,105.12,168.84,1.26,167.58,1.59,SWING_HIGH,false,CHOCH,14,9
pos-rs-ord-530,GBPUSD,SHORT,GBPUSD-SHORT-2016-05-09T07:00:00.000Z,2016-05-09T07:00:00.000Z,2016-05-09T07:00:00.000Z,2016-05-09T07:30:00.000Z,30,1.44248,1.44428,1.44426,1.43814,0.57,STOP,101.46,-102.6,3.99,-106.59,-1.05,ASIAN_HIGH,true,CHOCH,16,7
pos-rs-ord-532,EURUSD,SHORT,EURUSD-SHORT-2016-05-13T14:00:00.000Z,2016-05-13T14:00:00.000Z,2016-05-13T14:10:00.000Z,2016-05-13T20:00:00.000Z,350,1.13314,1.13066,1.13574,1.12718,0.4,PROTECTIVE,104,99.2,2.8,96.4,0.93,SWING_HIGH,false,CHOCH,14,14
pos-rs-ord-534,USDJPY,LONG,USDJPY-LONG-2016-05-18T04:00:00.000Z,2016-05-18T04:00:00.000Z,2016-05-18T04:15:00.000Z,2016-05-20T20:00:00.000Z,3825,109.28,110.228,108.719,111.786,0.2,PROTECTIVE,102.63,172,1.4,170.6,1.66,SWING_LOW,false,BOS,14,4
pos-rs-ord-538,USDJPY,SHORT,USDJPY-SHORT-2016-06-01T01:15:00.000Z,2016-06-01T01:15:00.000Z,2016-06-01T01:40:00.000Z,2016-06-01T02:35:00.000Z,55,110.674,110.781,110.779,110.366,1.03,STOP,97.75,-99.63,7.21,-106.84,-1.09,SWING_HIGH,false,CHOCH,14,1
pos-rs-ord-540,USDJPY,LONG,USDJPY-LONG-2016-06-10T02:15:00.000Z,2016-06-10T02:15:00.000Z,2016-06-10T03:00:00.000Z,2016-06-10T08:05:00.000Z,305,107.096,106.902,106.904,107.786,0.57,STOP,102.18,-103.39,3.99,-107.38,-1.05,SWING_LOW,false,CHOCH,14,3
pos-rs-ord-541,EURUSD,SHORT,EURUSD-SHORT-2016-06-10T17:00:00.000Z,2016-06-10T17:00:00.000Z,2016-06-10T17:05:00.000Z,2016-06-10T20:00:00.000Z,175,1.12834,1.12601,1.13057,1.11371,0.46,PROTECTIVE,102.58,107.18,3.22,103.96,1.01,SWING_HIGH,false,BOS,14,17
pos-rs-ord-542,EURUSD,SHORT,EURUSD-SHORT-2016-06-13T02:45:00.000Z,2016-06-13T02:45:00.000Z,2016-06-13T02:50:00.000Z,2016-06-13T05:00:00.000Z,130,1.12403,1.12527,1.12525,1.11371,0.82,STOP,100.04,-101.68,5.74,-107.42,-1.07,SWING_HIGH,false,BOS,14,2
pos-rs-ord-554,GBPUSD,SHORT,GBPUSD-SHORT-2016-09-07T08:30:00.000Z,2016-09-07T08:30:00.000Z,2016-09-07T08:30:00.000Z,2016-09-07T16:00:00.000Z,450,1.34135,1.33424,1.34252,1.33424,0.85,TARGET,99.45,604.35,5.95,598.4,6.02,SWING_HIGH,false,BOS,14,8
pos-rs-ord-555,USDJPY,LONG,USDJPY-LONG-2016-09-08T01:15:00.000Z,2016-09-08T01:15:00.000Z,2016-09-08T01:30:00.000Z,2016-09-08T01:55:00.000Z,25,101.771,101.645,101.647,102.13,0.83,STOP,101.09,-102.8,5.81,-108.61,-1.07,SWING_LOW,false,BOS,14,1
pos-rs-ord-558,EURUSD,SHORT,EURUSD-SHORT-2016-09-16T08:15:00.000Z,2016-09-16T08:15:00.000Z,2016-09-16T08:30:00.000Z,2016-09-16T12:05:00.000Z,215,1.12377,1.12193,1.12437,1.12193,1.54,TARGET,92.4,283.36,10.78,272.58,2.95,SWING_HIGH,false,CHOCH,14,8
pos-rs-ord-561,GBPUSD,LONG,GBPUSD-LONG-2016-09-22T09:45:00.000Z,2016-09-22T09:45:00.000Z,2016-09-22T10:20:00.000Z,2016-09-22T11:15:00.000Z,55,1.30726,1.30501,1.30503,1.31207,0.47,STOP,104.81,-105.75,3.29,-109.04,-1.04,SWING_LOW,false,BOS,14,10
pos-rs-ord-564,GBPUSD,SHORT,GBPUSD-SHORT-2016-10-11T12:00:00.000Z,2016-10-11T12:00:00.000Z,2016-10-11T12:50:00.000Z,2016-10-11T14:05:00.000Z,75,1.22724,1.23095,1.23093,1.20306,0.29,STOP,107.01,-107.59,2.03,-109.62,-1.02,SWING_HIGH,false,BOS,14,12
pos-rs-ord-565,GBPUSD,SHORT,GBPUSD-SHORT-2016-10-11T16:00:00.000Z,2016-10-11T16:00:00.000Z,2016-10-11T16:20:00.000Z,2016-10-14T20:00:00.000Z,4540,1.22508,1.21849,1.23301,1.20306,0.13,PROTECTIVE,103.09,85.67,0.91,84.76,0.82,SWING_HIGH,false,BOS,14,16
pos-rs-ord-567,EURUSD,LONG,EURUSD-LONG-2016-10-28T07:45:00.000Z,2016-10-28T07:45:00.000Z,2016-10-28T07:50:00.000Z,2016-10-28T15:30:00.000Z,460,1.0909,1.09425,1.08994,1.09425,1.03,TARGET,98.88,345.05,7.21,337.84,3.42,SWING_LOW,false,CHOCH,14,7
pos-rs-ord-569,USDJPY,SHORT,USDJPY-SHORT-2016-11-02T09:15:00.000Z,2016-11-02T09:15:00.000Z,2016-11-02T10:00:00.000Z,2016-11-02T13:35:00.000Z,215,103.684,103.104,103.942,103.104,0.42,TARGET,104.53,236.23,2.94,233.29,2.23,SWING_HIGH,false,CHOCH,14,10
pos-rs-ord-572,USDJPY,SHORT,USDJPY-SHORT-2016-11-15T07:30:00.000Z,2016-11-15T07:30:00.000Z,2016-11-15T07:50:00.000Z,2016-11-15T12:05:00.000Z,255,108.103,108.39,108.388,107.402,0.4,STOP,105.49,-105.98,2.8,-108.78,-1.03,ASIAN_HIGH,true,CHOCH,16,7
pos-rs-ord-573,GBPUSD,SHORT,GBPUSD-SHORT-2016-11-22T10:45:00.000Z,2016-11-22T10:45:00.000Z,2016-11-22T11:20:00.000Z,2016-11-25T21:00:00.000Z,4900,1.24533,1.24625,1.24964,1.23318,0.25,PROTECTIVE,107.75,-23,1.75,-24.75,-0.23,SWING_HIGH,false,CHOCH,14,11
pos-rs-ord-578,GBPUSD,LONG,GBPUSD-LONG-2017-01-04T12:15:00.000Z,2017-01-04T12:15:00.000Z,2017-01-04T12:30:00.000Z,2017-01-04T19:05:00.000Z,395,1.22708,1.23457,1.22501,1.23457,0.51,TARGET,105.57,381.99,3.57,378.42,3.58,SWING_LOW,false,CHOCH,14,12
pos-rs-ord-580,USDJPY,LONG,USDJPY-LONG-2017-01-06T14:15:00.000Z,2017-01-06T14:15:00.000Z,2017-01-06T14:35:00.000Z,2017-01-06T21:00:00.000Z,385,116.457,117.011,115.71,118.113,0.17,PROTECTIVE,108.99,80.48,1.19,79.29,0.73,SWING_LOW,false,BOS,14,14
pos-rs-ord-584,EURUSD,SHORT,EURUSD-SHORT-2017-01-13T15:00:00.000Z,2017-01-13T15:00:00.000Z,2017-01-13T15:35:00.000Z,2017-01-13T21:00:00.000Z,325,1.0623,1.06377,1.0678,1.04733,0.2,PROTECTIVE,110,-29.4,1.4,-30.8,-0.28,SWING_HIGH,false,CHOCH,14,15
pos-rs-ord-585,GBPUSD,SHORT,GBPUSD-SHORT-2017-01-19T07:45:00.000Z,2017-01-19T07:45:00.000Z,2017-01-19T07:50:00.000Z,2017-01-19T08:05:00.000Z,15,1.22733,1.22901,1.22899,1.21563,0.63,STOP,104.58,-105.84,4.41,-110.25,-1.05,SWING_HIGH,false,BOS,14,7
pos-rs-ord-586,GBPUSD,LONG,GBPUSD-LONG-2017-01-26T08:45:00.000Z,2017-01-26T08:45:00.000Z,2017-01-26T09:35:00.000Z,2017-01-26T10:15:00.000Z,40,1.26479,1.26237,1.26239,1.27232,0.44,STOP,105.6,-106.48,3.08,-109.56,-1.04,SWING_LOW,false,CHOCH,14,9
pos-rs-ord-592,USDJPY,SHORT,USDJPY-SHORT-2017-02-23T16:15:00.000Z,2017-02-23T16:15:00.000Z,2017-02-23T16:15:00.000Z,2017-02-24T01:00:00.000Z,525,112.677,112.858,112.856,112.233,0.66,STOP,104.91,-105.86,4.62,-110.48,-1.05,SWING_HIGH,false,BOS,14,16
pos-rs-ord-593,GBPUSD,SHORT,GBPUSD-SHORT-2017-03-02T07:15:00.000Z,2017-03-02T07:15:00.000Z,2017-03-02T07:15:00.000Z,2017-03-02T07:40:00.000Z,25,1.22782,1.22871,1.22869,1.22577,1.13,STOP,98.31,-100.57,7.91,-108.48,-1.1,SWING_HIGH,false,CHOCH,14,7
pos-rs-ord-600,EURUSD,SHORT,EURUSD-SHORT-2017-04-06T18:45:00.000Z,2017-04-06T18:45:00.000Z,2017-04-06T19:05:00.000Z,2017-04-07T03:05:00.000Z,480,1.06457,1.06574,1.06572,1.06213,0.88,STOP,101.2,-102.96,6.16,-109.12,-1.08,SWING_HIGH,false,BOS,14,19
pos-rs-ord-601,USDJPY,SHORT,USDJPY-SHORT-2017-04-11T08:15:00.000Z,2017-04-11T08:15:00.000Z,2017-04-11T08:30:00.000Z,2017-04-11T10:05:00.000Z,95,110.567,110.727,110.725,110.149,0.72,STOP,102.9,-104.11,5.04,-109.15,-1.06,SWING_HIGH,false,BOS,14,8
pos-rs-ord-603,GBPUSD,LONG,GBPUSD-LONG-2017-04-17T13:30:00.000Z,2017-04-17T13:30:00.000Z,2017-04-17T13:35:00.000Z,2017-04-17T15:05:00.000Z,90,1.2551,1.25725,1.25407,1.25725,0.97,TARGET,99.91,208.55,6.79,201.76,2.02,SWING_LOW,false,BOS,14,13
pos-rs-ord-605,EURUSD,SHORT,EURUSD-SHORT-2017-04-25T02:30:00.000Z,2017-04-25T02:30:00.000Z,2017-04-25T02:40:00.000Z,2017-04-25T06:40:00.000Z,240,1.08618,1.08712,1.0871,1.08355,1.08,STOP,99.36,-101.52,7.56,-109.08,-1.1,EQUAL_HIGHS,false,BOS,14,2
pos-rs-ord-606,GBPUSD,LONG,GBPUSD-LONG-2017-04-25T16:45:00.000Z,2017-04-25T16:45:00.000Z,2017-04-25T17:05:00.000Z,2017-04-27T08:30:00.000Z,2365,1.28306,1.29061,1.28002,1.29061,0.35,TARGET,106.4,264.25,2.45,261.8,2.46,SWING_LOW,false,CHOCH,14,17
pos-rs-ord-609,GBPUSD,SHORT,GBPUSD-SHORT-2017-05-04T08:00:00.000Z,2017-05-04T08:00:00.000Z,2017-05-04T08:00:00.000Z,2017-05-04T09:05:00.000Z,65,1.28508,1.28829,1.28827,1.27772,0.34,STOP,108.46,-109.14,2.38,-111.52,-1.03,ASIAN_HIGH,true,CHOCH,16,8
pos-rs-ord-611,USDJPY,LONG,USDJPY-LONG-2017-05-15T15:00:00.000Z,2017-05-15T15:00:00.000Z,2017-05-15T15:15:00.000Z,2017-05-16T08:05:00.000Z,1010,113.535,113.253,113.255,114.117,0.43,STOP,106,-107.06,3.01,-110.07,-1.04,SWING_LOW,false,CHOCH,14,15
pos-rs-ord-613,USDJPY,SHORT,USDJPY-SHORT-2017-05-16T14:00:00.000Z,2017-05-16T14:00:00.000Z,2017-05-16T14:20:00.000Z,2017-05-16T15:40:00.000Z,80,113.57,113.129,113.741,113.129,0.69,TARGET,103.95,268.62,4.83,263.79,2.54,SWING_HIGH,false,CHOCH,14,14
pos-rs-ord-614,USDJPY,SHORT,USDJPY-SHORT-2017-05-23T01:00:00.000Z,2017-05-23T01:00:00.000Z,2017-05-23T01:00:00.000Z,2017-05-23T16:40:00.000Z,940,111.01,111.356,111.354,110.238,0.35,STOP,108.56,-108.83,2.45,-111.28,-1.03,SWING_HIGH,false,CHOCH,14,1
pos-rs-ord-615,USDJPY,LONG,USDJPY-LONG-2017-05-31T13:15:00.000Z,2017-05-31T13:15:00.000Z,2017-05-31T13:15:00.000Z,2017-05-31T14:50:00.000Z,95,110.856,110.727,110.729,111.23,0.89,STOP,101.95,-103.67,6.23,-109.9,-1.08,SWING_LOW,false,CHOCH,14,13
pos-rs-ord-620,USDJPY,SHORT,USDJPY-SHORT-2017-06-30T10:15:00.000Z,2017-06-30T10:15:00.000Z,2017-06-30T10:30:00.000Z,2017-06-30T13:40:00.000Z,190,111.938,112.161,112.159,111.465,0.53,STOP,104.68,-105.43,3.71,-109.14,-1.04,ASIAN_HIGH,true,CHOCH,16,10
pos-rs-ord-621,GBPUSD,LONG,GBPUSD-LONG-2017-07-06T04:00:00.000Z,2017-07-06T04:00:00.000Z,2017-07-06T04:05:00.000Z,2017-07-06T10:55:00.000Z,410,1.29299,1.2959,1.29196,1.2959,0.97,TARGET,99.91,282.27,6.79,275.48,2.76,SWING_LOW,false,CHOCH,14,4
pos-rs-ord-622,GBPUSD,LONG,GBPUSD-LONG-2017-07-06T16:45:00.000Z,2017-07-06T16:45:00.000Z,2017-07-06T17:30:00.000Z,2017-07-07T09:35:00.000Z,965,1.29552,1.2924,1.29242,1.30225,0.35,STOP,108.5,-109.2,2.45,-111.65,-1.03,SWING_LOW,false,BOS,14,17
pos-rs-ord-623,GBPUSD,LONG,GBPUSD-LONG-2017-07-24T16:15:00.000Z,2017-07-24T16:15:00.000Z,2017-07-24T16:15:00.000Z,2017-07-24T16:45:00.000Z,30,1.30309,1.3019,1.30192,1.30622,0.87,STOP,101.79,-103.53,6.09,-109.62,-1.08,SWING_LOW,false,CHOCH,14,16
pos-rs-ord-625,EURUSD,SHORT,EURUSD-SHORT-2017-08-09T09:30:00.000Z,2017-08-09T09:30:00.000Z,2017-08-09T10:05:00.000Z,2017-08-09T23:30:00.000Z,805,1.17356,1.17632,1.1763,1.16714,0.39,STOP,106.86,-107.64,2.73,-110.37,-1.03,SWING_HIGH,false,CHOCH,14,10
pos-rs-ord-629,GBPUSD,SHORT,GBPUSD-SHORT-2017-08-20T22:15:00.000Z,2017-08-20T22:15:00.000Z,2017-08-20T23:00:00.000Z,2017-08-21T11:25:00.000Z,745,1.2872,1.28865,1.28863,1.28318,0.72,STOP,102.96,-104.4,5.04,-109.44,-1.06,SWING_HIGH,false,CHOCH,14,23
pos-rs-ord-630,USDJPY,LONG,USDJPY-LONG-2017-08-22T08:00:00.000Z,2017-08-22T08:00:00.000Z,2017-08-22T08:40:00.000Z,2017-08-22T14:30:00.000Z,350,109.276,109.171,109.173,109.567,1.05,STOP,98.92,-100.9,7.35,-108.25,-1.09,SWING_LOW,false,CHOCH,14,8
pos-rs-ord-632,USDJPY,LONG,USDJPY-LONG-2017-08-25T02:15:00.000Z,2017-08-25T02:15:00.000Z,2017-08-25T02:25:00.000Z,2017-08-25T15:05:00.000Z,760,109.613,109.492,109.494,109.944,0.92,STOP,99.85,-101.4,6.44,-107.84,-1.08,SWING_LOW,false,BOS,14,2
pos-rs-ord-633,EURUSD,LONG,EURUSD-LONG-2017-08-28T07:00:00.000Z,2017-08-28T07:00:00.000Z,2017-08-28T07:00:00.000Z,2017-08-28T16:15:00.000Z,555,1.19309,1.19598,1.1917,1.19598,0.73,TARGET,101.47,210.97,5.11,205.86,2.03,ASIAN_LOW,true,CHOCH,16,7
pos-rs-ord-637,EURUSD,SHORT,EURUSD-SHORT-2017-09-18T08:45:00.000Z,2017-09-18T08:45:00.000Z,2017-09-18T09:05:00.000Z,2017-09-18T11:50:00.000Z,165,1.19306,1.1957,1.19568,1.18749,0.4,STOP,104.8,-105.6,2.8,-108.4,-1.03,ASIAN_HIGH,true,BOS,16,9
pos-rs-ord-639,EURUSD,LONG,EURUSD-LONG-2017-09-22T02:45:00.000Z,2017-09-22T02:45:00.000Z,2017-09-22T03:15:00.000Z,2017-09-22T18:00:00.000Z,885,1.195,1.19392,1.19394,1.20333,0.94,STOP,99.64,-101.52,6.58,-108.1,-1.08,SWING_LOW,false,BOS,14,3
pos-rs-ord-641,USDJPY,LONG,USDJPY-LONG-2017-10-02T06:45:00.000Z,2017-10-02T06:45:00.000Z,2017-10-02T06:50:00.000Z,2017-10-02T09:55:00.000Z,185,112.873,112.783,112.785,113.12,1.24,STOP,96.66,-98.91,8.68,-107.59,-1.11,SWING_LOW,false,CHOCH,14,6
pos-rs-ord-645,GBPUSD,SHORT,GBPUSD-SHORT-2017-10-11T08:15:00.000Z,2017-10-11T08:15:00.000Z,2017-10-11T08:15:00.000Z,2017-10-11T09:05:00.000Z,50,1.31922,1.32078,1.32076,1.31585,0.66,STOP,101.64,-102.96,4.62,-107.58,-1.06,SWING_HIGH,false,CHOCH,14,8
pos-rs-ord-647,EURUSD,LONG,EURUSD-LONG-2017-10-19T08:00:00.000Z,2017-10-19T08:00:00.000Z,2017-10-19T08:30:00.000Z,2017-10-19T09:10:00.000Z,40,1.18079,1.17943,1.17945,1.1849,0.75,STOP,100.5,-102,5.25,-107.25,-1.07,SWING_LOW,false,BOS,14,8
pos-rs-ord-650,EURUSD,LONG,EURUSD-LONG-2017-10-26T06:45:00.000Z,2017-10-26T06:45:00.000Z,2017-10-26T07:00:00.000Z,2017-10-26T07:35:00.000Z,35,1.18286,1.18225,1.18227,1.18582,1.55,STOP,91.45,-94.55,10.85,-105.4,-1.15,SWING_LOW,false,BOS,14,7
pos-rs-ord-657,USDJPY,SHORT,USDJPY-SHORT-2017-11-17T07:15:00.000Z,2017-11-17T07:15:00.000Z,2017-11-17T07:15:00.000Z,2017-11-17T08:15:00.000Z,60,112.566,112.639,112.637,112.397,1.47,STOP,92.75,-95.3,10.29,-105.59,-1.14,SWING_HIGH,false,CHOCH,14,7
pos-rs-ord-658,EURUSD,LONG,EURUSD-LONG-2017-11-22T17:45:00.000Z,2017-11-22T17:45:00.000Z,2017-11-22T17:45:00.000Z,2017-11-22T19:10:00.000Z,85,1.17912,1.1809,1.17832,1.1809,1.19,TARGET,95.2,211.82,8.33,203.49,2.14,SWING_LOW,false,BOS,14,17
pos-rs-ord-665,USDJPY,LONG,USDJPY-LONG-2017-12-20T00:15:00.000Z,2017-12-20T00:15:00.000Z,2017-12-20T00:55:00.000Z,2017-12-20T13:30:00.000Z,755,112.94,113.277,112.836,113.277,1.06,TARGET,97.59,315.38,7.42,307.96,3.16,SWING_LOW,false,CHOCH,14,0
pos-rs-ord-667,USDJPY,LONG,USDJPY-LONG-2017-12-29T00:30:00.000Z,2017-12-29T00:30:00.000Z,2017-12-29T00:50:00.000Z,2017-12-29T01:15:00.000Z,25,112.912,112.821,112.823,113.191,1.23,STOP,96.94,-99.19,8.61,-107.8,-1.11,SWING_LOW,false,CHOCH,14,0
pos-rs-ord-668,USDJPY,LONG,USDJPY-LONG-2018-01-03T07:30:00.000Z,2018-01-03T07:30:00.000Z,2018-01-03T08:00:00.000Z,2018-01-03T11:00:00.000Z,180,112.337,112.234,112.236,112.702,1.09,STOP,97.98,-100,7.63,-107.63,-1.1,SWING_LOW,false,CHOCH,14,8
pos-rs-ord-669,EURUSD,SHORT,EURUSD-SHORT-2018-01-05T14:30:00.000Z,2018-01-05T14:30:00.000Z,2018-01-05T15:15:00.000Z,2018-01-05T21:00:00.000Z,345,1.20422,1.20426,1.2084,1.19462,0.25,PROTECTIVE,104.5,-1,1.75,-2.75,-0.03,ASIAN_HIGH,true,CHOCH,16,15
pos-rs-ord-670,EURUSD,SHORT,EURUSD-SHORT-2018-01-09T01:30:00.000Z,2018-01-09T01:30:00.000Z,2018-01-09T01:45:00.000Z,2018-01-09T02:05:00.000Z,20,1.19689,1.19743,1.19741,1.19561,1.72,STOP,89.44,-92.88,12.04,-104.92,-1.17,SWING_HIGH,false,CHOCH,14,1
pos-rs-ord-671,EURUSD,LONG,EURUSD-LONG-2018-01-10T08:30:00.000Z,2018-01-10T08:30:00.000Z,2018-01-10T09:10:00.000Z,2018-01-10T10:45:00.000Z,95,1.19422,1.19824,1.1923,1.19824,0.54,TARGET,103.68,217.08,3.78,213.3,2.06,ASIAN_LOW,true,CHOCH,16,9
pos-rs-ord-673,EURUSD,SHORT,EURUSD-SHORT-2018-01-16T07:30:00.000Z,2018-01-16T07:30:00.000Z,2018-01-16T08:05:00.000Z,2018-01-16T14:15:00.000Z,370,1.22564,1.21964,1.22843,1.21964,0.38,TARGET,106.02,228,2.66,225.34,2.13,ASIAN_HIGH,true,CHOCH,16,8
pos-rs-ord-674,EURUSD,LONG,EURUSD-LONG-2018-01-19T08:00:00.000Z,2018-01-19T08:00:00.000Z,2018-01-19T08:00:00.000Z,2018-01-19T13:05:00.000Z,305,1.22685,1.22509,1.22511,1.23234,0.59,STOP,102.66,-103.84,4.13,-107.97,-1.05,SWING_LOW,false,BOS,14,8
pos-rs-ord-675,USDJPY,SHORT,USDJPY-SHORT-2018-01-25T13:30:00.000Z,2018-01-25T13:30:00.000Z,2018-01-25T14:15:00.000Z,2018-01-25T14:25:00.000Z,10,108.971,109.052,109.05,108.737,1.31,STOP,95.06,-97.33,9.17,-106.5,-1.12,SWING_HIGH,false,BOS,14,14
pos-rs-ord-679,USDJPY,SHORT,USDJPY-SHORT-2018-02-02T01:45:00.000Z,2018-02-02T01:45:00.000Z,2018-02-02T01:45:00.000Z,2018-02-02T02:55:00.000Z,70,109.413,109.675,109.673,108.87,0.44,STOP,104.57,-105.16,3.08,-108.24,-1.04,SWING_HIGH,false,CHOCH,14,1
pos-rs-ord-682,EURUSD,LONG,EURUSD-LONG-2018-02-12T23:30:00.000Z,2018-02-12T23:30:00.000Z,2018-02-13T00:25:00.000Z,2018-02-13T03:00:00.000Z,155,1.22928,1.22851,1.22853,1.23454,1.26,STOP,94.5,-97.02,8.82,-105.84,-1.12,SWING_LOW,false,BOS,14,0
pos-rs-ord-681,USDJPY,SHORT,USDJPY-SHORT-2018-02-12T00:45:00.000Z,2018-02-12T00:45:00.000Z,2018-02-12T01:05:00.000Z,2018-02-13T07:05:00.000Z,1800,108.684,108.049,108.89,108.049,0.54,TARGET,102.37,317.05,3.78,313.27,3.06,SWING_HIGH,false,CHOCH,14,1
pos-rs-ord-683,USDJPY,SHORT,USDJPY-SHORT-2018-02-16T16:00:00.000Z,2018-02-16T16:00:00.000Z,2018-02-16T16:55:00.000Z,2018-02-16T19:10:00.000Z,135,106.113,106.391,106.389,105.554,0.4,STOP,104.08,-104.61,2.8,-107.41,-1.03,ASIAN_HIGH,true,CHOCH,16,16
pos-rs-ord-686,EURUSD,SHORT,EURUSD-SHORT-2018-02-28T08:30:00.000Z,2018-02-28T08:30:00.000Z,2018-02-28T09:20:00.000Z,2018-03-01T13:05:00.000Z,1665,1.22179,1.21649,1.22425,1.21649,0.42,TARGET,103.32,222.6,2.94,219.66,2.13,SWING_HIGH,false,BOS,14,9
pos-rs-ord-688,EURUSD,LONG,EURUSD-LONG-2018-03-02T15:30:00.000Z,2018-03-02T15:30:00.000Z,2018-03-02T15:35:00.000Z,2018-03-02T21:00:00.000Z,325,1.23188,1.23301,1.22936,1.23732,0.42,PROTECTIVE,105.84,47.46,2.94,44.52,0.42,SWING_LOW,false,BOS,14,15
pos-rs-ord-689,GBPUSD,LONG,GBPUSD-LONG-2018-03-07T06:45:00.000Z,2018-03-07T06:45:00.000Z,2018-03-07T07:15:00.000Z,2018-03-07T07:25:00.000Z,10,1.38927,1.38813,1.38815,1.39164,0.89,STOP,99.68,-101.46,6.23,-107.69,-1.08,SWING_LOW,false,CHOCH,14,7
pos-rs-ord-694,GBPUSD,SHORT,GBPUSD-SHORT-2018-03-18T22:15:00.000Z,2018-03-18T22:15:00.000Z,2018-03-18T22:15:00.000Z,2018-03-19T09:55:00.000Z,700,1.39401,1.39498,1.39496,1.38897,1.03,STOP,97.85,-99.91,7.21,-107.12,-1.09,SWING_HIGH,false,CHOCH,14,22
pos-rs-ord-696,EURUSD,LONG,EURUSD-LONG-2018-03-23T07:45:00.000Z,2018-03-23T07:45:00.000Z,2018-03-23T07:45:00.000Z,2018-03-23T08:40:00.000Z,55,1.23364,1.23309,1.23311,1.23885,1.7,STOP,90.1,-93.5,11.9,-105.4,-1.17,SWING_LOW,false,BOS,14,7
pos-rs-ord-697,GBPUSD,LONG,GBPUSD-LONG-2018-03-28T06:30:00.000Z,2018-03-28T06:30:00.000Z,2018-03-28T06:40:00.000Z,2018-03-28T07:20:00.000Z,40,1.41936,1.41817,1.41819,1.4244,0.85,STOP,99.45,-101.15,5.95,-107.1,-1.08,SWING_LOW,false,BOS,14,6
pos-rs-ord-698,EURUSD,LONG,EURUSD-LONG-2018-03-30T07:45:00.000Z,2018-03-30T07:45:00.000Z,2018-03-30T07:45:00.000Z,2018-03-30T20:00:00.000Z,735,1.23157,1.23226,1.2305,1.23511,0.92,PROTECTIVE,98.44,63.48,6.44,57.04,0.58,SWING_LOW,false,BOS,14,7
pos-rs-ord-701,GBPUSD,SHORT,GBPUSD-SHORT-2018-04-12T05:45:00.000Z,2018-04-12T05:45:00.000Z,2018-04-12T06:20:00.000Z,2018-04-12T07:15:00.000Z,55,1.41782,1.41861,1.41859,1.41609,1.24,STOP,95.48,-97.96,8.68,-106.64,-1.12,SWING_HIGH,false,CHOCH,14,6
pos-rs-ord-702,EURUSD,SHORT,EURUSD-SHORT-2018-04-20T02:45:00.000Z,2018-04-20T02:45:00.000Z,2018-04-20T02:50:00.000Z,2018-04-20T07:45:00.000Z,295,1.23429,1.23493,1.23491,1.23295,1.48,STOP,91.76,-94.72,10.36,-105.08,-1.15,SWING_HIGH,false,BOS,14,2
pos-rs-ord-705,EURUSD,LONG,EURUSD-LONG-2018-05-14T10:00:00.000Z,2018-05-14T10:00:00.000Z,2018-05-14T10:50:00.000Z,2018-05-14T18:50:00.000Z,480,1.19773,1.19506,1.19508,1.20317,0.39,STOP,103.35,-104.13,2.73,-106.86,-1.03,SWING_LOW,false,BOS,14,10
pos-rs-ord-712,EURUSD,LONG,EURUSD-LONG-2018-06-06T07:45:00.000Z,2018-06-06T07:45:00.000Z,2018-06-06T07:45:00.000Z,2018-06-06T14:45:00.000Z,420,1.1737,1.1788,1.17136,1.1788,0.44,TARGET,102.96,224.4,3.08,221.32,2.15,ASIAN_LOW,true,CHOCH,16,7
pos-rs-ord-713,EURUSD,LONG,EURUSD-LONG-2018-06-07T06:30:00.000Z,2018-06-07T06:30:00.000Z,2018-06-07T07:00:00.000Z,2018-06-07T08:30:00.000Z,90,1.17962,1.18239,1.17843,1.18239,0.84,TARGET,99.96,232.68,5.88,226.8,2.27,SWING_LOW,false,CHOCH,14,7
pos-rs-ord-716,EURUSD,LONG,EURUSD-LONG-2018-06-11T08:30:00.000Z,2018-06-11T08:30:00.000Z,2018-06-11T08:30:00.000Z,2018-06-11T10:00:00.000Z,90,1.18133,1.17882,1.17884,1.18758,0.42,STOP,104.58,-105.42,2.94,-108.36,-1.04,SWING_LOW,false,CHOCH,14,8
pos-rs-ord-719,EURUSD,SHORT,EURUSD-SHORT-2018-06-13T07:30:00.000Z,2018-06-13T07:30:00.000Z,2018-06-13T08:00:00.000Z,2018-06-13T08:15:00.000Z,15,1.17449,1.17538,1.17536,1.17275,0.83,STOP,72.21,-73.87,5.81,-79.68,-1.1,ASIAN_HIGH,true,CHOCH,16,8
pos-rs-ord-718,USDJPY,LONG,USDJPY-LONG-2018-06-13T02:30:00.000Z,2018-06-13T02:30:00.000Z,2018-06-13T02:50:00.000Z,2018-06-13T15:00:00.000Z,730,110.518,110.36,110.362,110.883,0.72,STOP,101.62,-103.05,5.04,-108.09,-1.06,SWING_LOW,false,BOS,14,2
pos-rs-ord-722,EURUSD,SHORT,EURUSD-SHORT-2018-06-28T14:15:00.000Z,2018-06-28T14:15:00.000Z,2018-06-28T14:35:00.000Z,2018-06-29T03:40:00.000Z,785,1.15746,1.1602,1.16018,1.15086,0.38,STOP,103.36,-104.12,2.66,-106.78,-1.03,SWING_HIGH,false,CHOCH,14,14
pos-rs-ord-725,USDJPY,SHORT,USDJPY-SHORT-2018-07-09T09:15:00.000Z,2018-07-09T09:15:00.000Z,2018-07-09T09:50:00.000Z,2018-07-09T14:10:00.000Z,260,110.468,110.552,110.55,110.293,1.27,STOP,94.28,-96.52,8.89,-105.41,-1.12,ASIAN_HIGH,true,BOS,16,9
pos-rs-ord-731,EURUSD,LONG,EURUSD-LONG-2018-08-14T01:45:00.000Z,2018-08-14T01:45:00.000Z,2018-08-14T01:45:00.000Z,2018-08-14T09:50:00.000Z,485,1.14018,1.13947,1.13949,1.14329,1.35,STOP,93.15,-95.85,9.45,-105.3,-1.13,SWING_LOW,false,CHOCH,14,1
pos-rs-ord-733,EURUSD,LONG,EURUSD-LONG-2018-08-17T07:45:00.000Z,2018-08-17T07:45:00.000Z,2018-08-17T08:15:00.000Z,2018-08-17T09:10:00.000Z,55,1.13839,1.14092,1.13731,1.14092,0.91,TARGET,98.28,230.23,6.37,223.86,2.28,SWING_LOW,false,BOS,14,8
pos-rs-ord-735,USDJPY,SHORT,USDJPY-SHORT-2018-08-30T08:30:00.000Z,2018-08-30T08:30:00.000Z,2018-08-30T09:10:00.000Z,2018-08-30T12:15:00.000Z,185,111.655,111.517,111.723,111.517,1.51,TARGET,91.97,186.82,10.57,176.25,1.92,SWING_HIGH,false,CHOCH,14,9
pos-rs-ord-736,GBPUSD,SHORT,GBPUSD-SHORT-2018-09-04T07:30:00.000Z,2018-09-04T07:30:00.000Z,2018-09-04T08:05:00.000Z,2018-09-04T09:05:00.000Z,60,1.28559,1.28289,1.28688,1.28289,0.78,TARGET,100.62,210.6,5.46,205.14,2.04,SWING_HIGH,false,BOS,14,8
pos-rs-ord-737,EURUSD,SHORT,EURUSD-SHORT-2018-09-04T15:15:00.000Z,2018-09-04T15:15:00.000Z,2018-09-04T15:45:00.000Z,2018-09-04T16:55:00.000Z,70,1.15476,1.15699,1.15697,1.14923,0.47,STOP,103.87,-104.81,3.29,-108.1,-1.04,SWING_HIGH,false,BOS,14,15
pos-rs-ord-738,EURUSD,LONG,EURUSD-LONG-2018-09-12T07:30:00.000Z,2018-09-12T07:30:00.000Z,2018-09-12T07:30:00.000Z,2018-09-12T08:00:00.000Z,30,1.15894,1.15796,1.15798,1.16128,1.02,STOP,97.92,-99.96,7.14,-107.1,-1.09,ASIAN_LOW,true,CHOCH,16,7
pos-rs-ord-739,EURUSD,LONG,EURUSD-LONG-2018-09-13T01:30:00.000Z,2018-09-13T01:30:00.000Z,2018-09-13T01:40:00.000Z,2018-09-13T06:00:00.000Z,260,1.16306,1.1625,1.16252,1.16497,1.67,STOP,90.18,-93.52,11.69,-105.21,-1.17,SWING_LOW,false,BOS,14,1
pos-rs-ord-740,EURUSD,LONG,EURUSD-LONG-2018-09-14T06:15:00.000Z,2018-09-14T06:15:00.000Z,2018-09-14T06:30:00.000Z,2018-09-14T07:50:00.000Z,80,1.16936,1.1709,1.16893,1.1709,1.99,TARGET,85.57,306.46,13.93,292.53,3.42,SWING_LOW,false,BOS,14,6
pos-rs-ord-741,EURUSD,SHORT,EURUSD-SHORT-2018-09-24T07:15:00.000Z,2018-09-24T07:15:00.000Z,2018-09-24T08:05:00.000Z,2018-09-24T08:20:00.000Z,15,1.1739,1.17493,1.17491,1.16979,0.97,STOP,97.97,-99.91,6.79,-106.7,-1.09,SWING_HIGH,false,CHOCH,14,8
pos-rs-ord-742,USDJPY,SHORT,USDJPY-SHORT-2018-09-24T07:45:00.000Z,2018-09-24T07:45:00.000Z,2018-09-24T08:15:00.000Z,2018-09-24T09:05:00.000Z,50,112.574,112.622,112.62,112.403,2.11,STOP,86.23,-89.94,14.77,-104.71,-1.21,SWING_HIGH,false,BOS,14,8
pos-rs-ord-745,EURUSD,LONG,EURUSD-LONG-2018-10-10T06:45:00.000Z,2018-10-10T06:45:00.000Z,2018-10-10T06:55:00.000Z,2018-10-10T07:05:00.000Z,10,1.15104,1.15051,1.15053,1.15215,1.74,STOP,88.74,-92.22,12.18,-104.4,-1.18,EQUAL_LOWS,false,CHOCH,14,6
pos-rs-ord-751,GBPUSD,LONG,GBPUSD-LONG-2018-11-05T11:15:00.000Z,2018-11-05T11:15:00.000Z,2018-11-05T11:15:00.000Z,2018-11-05T12:50:00.000Z,95,1.30191,1.29679,1.29681,1.31314,0.21,STOP,107.1,-107.52,1.47,-108.99,-1.02,ASIAN_LOW,true,BOS,16,11
pos-rs-ord-752,EURUSD,SHORT,EURUSD-SHORT-2018-11-06T10:30:00.000Z,2018-11-06T10:30:00.000Z,2018-11-06T10:50:00.000Z,2018-11-06T13:05:00.000Z,135,1.14027,1.14264,1.14262,1.1354,0.44,STOP,103.4,-104.28,3.08,-107.36,-1.04,PDH,true,BOS,16,10
pos-rs-ord-755,EURUSD,LONG,EURUSD-LONG-2018-11-14T06:45:00.000Z,2018-11-14T06:45:00.000Z,2018-11-14T07:00:00.000Z,2018-11-14T07:10:00.000Z,10,1.1292,1.12855,1.12857,1.13058,1.45,STOP,91.35,-94.25,10.15,-104.4,-1.14,ASIAN_LOW,true,CHOCH,16,7
pos-rs-ord-756,GBPUSD,SHORT,GBPUSD-SHORT-2018-11-21T17:15:00.000Z,2018-11-21T17:15:00.000Z,2018-11-21T17:40:00.000Z,2018-11-22T10:15:00.000Z,995,1.27786,1.28186,1.28184,1.26952,0.26,STOP,103.48,-104,1.82,-105.82,-1.02,EQUAL_HIGHS,false,CHOCH,14,17
pos-rs-ord-757,GBPUSD,SHORT,GBPUSD-SHORT-2018-11-26T08:00:00.000Z,2018-11-26T08:00:00.000Z,2018-11-26T08:00:00.000Z,2018-11-26T08:05:00.000Z,5,1.28225,1.2831,1.28308,1.2799,1.14,STOP,94.62,-96.9,7.98,-104.88,-1.11,ASIAN_HIGH,true,CHOCH,16,8
pos-rs-ord-760,EURUSD,LONG,EURUSD-LONG-2018-12-18T02:00:00.000Z,2018-12-18T02:00:00.000Z,2018-12-18T02:10:00.000Z,2018-12-18T05:15:00.000Z,185,1.13548,1.1344,1.13442,1.1388,0.92,STOP,97.52,-99.36,6.44,-105.8,-1.08,SWING_LOW,false,BOS,14,2
pos-rs-ord-761,USDJPY,SHORT,USDJPY-SHORT-2018-12-18T16:45:00.000Z,2018-12-18T16:45:00.000Z,2018-12-18T16:55:00.000Z,2018-12-19T00:10:00.000Z,435,112.554,112.342,112.64,112.342,1.23,TARGET,94.01,231.91,8.61,223.3,2.38,SWING_HIGH,false,CHOCH,14,16
pos-rs-ord-764,GBPUSD,LONG,GBPUSD-LONG-2019-01-04T07:30:00.000Z,2019-01-04T07:30:00.000Z,2019-01-04T07:35:00.000Z,2019-01-04T14:35:00.000Z,420,1.2641,1.26269,1.26271,1.27609,0.72,STOP,100.08,-101.52,5.04,-106.56,-1.06,SWING_LOW,false,BOS,14,7
pos-rs-ord-766,USDJPY,LONG,USDJPY-LONG-2019-01-09T09:30:00.000Z,2019-01-09T09:30:00.000Z,2019-01-09T09:30:00.000Z,2019-01-09T13:40:00.000Z,250,108.902,108.787,108.789,109.468,0.94,STOP,97.52,-99.34,6.58,-105.92,-1.09,SWING_LOW,false,CHOCH,14,9
pos-rs-ord-767,GBPUSD,LONG,GBPUSD-LONG-2019-01-14T23:45:00.000Z,2019-01-14T23:45:00.000Z,2019-01-14T23:45:00.000Z,2019-01-15T09:55:00.000Z,610,1.28736,1.28496,1.28498,1.29308,0.43,STOP,102.34,-103.2,3.01,-106.21,-1.04,SWING_LOW,false,CHOCH,14,23
pos-rs-ord-774,EURUSD,SHORT,EURUSD-SHORT-2019-03-20T08:00:00.000Z,2019-03-20T08:00:00.000Z,2019-03-20T08:00:00.000Z,2019-03-20T10:20:00.000Z,140,1.13475,1.13544,1.13542,1.1334,1.36,STOP,91.12,-93.84,9.52,-103.36,-1.13,SWING_HIGH,false,CHOCH,14,8
pos-rs-ord-778,GBPUSD,SHORT,GBPUSD-SHORT-2019-03-27T07:45:00.000Z,2019-03-27T07:45:00.000Z,2019-03-27T07:45:00.000Z,2019-03-27T08:05:00.000Z,20,1.3177,1.31926,1.31924,1.31355,0.64,STOP,98.56,-99.84,4.48,-104.32,-1.06,EQUAL_HIGHS,false,BOS,14,7
pos-rs-ord-779,GBPUSD,SHORT,GBPUSD-SHORT-2019-03-28T11:45:00.000Z,2019-03-28T11:45:00.000Z,2019-03-28T12:25:00.000Z,2019-03-28T12:30:00.000Z,5,1.3133,1.31653,1.31651,1.30043,0.32,STOP,102.72,-103.36,2.24,-105.6,-1.03,SWING_HIGH,false,CHOCH,14,12
pos-rs-ord-780,GBPUSD,SHORT,GBPUSD-SHORT-2019-03-28T14:00:00.000Z,2019-03-28T14:00:00.000Z,2019-03-28T14:15:00.000Z,2019-03-29T20:00:00.000Z,1785,1.30986,1.30231,1.31672,1.29609,0.15,PROTECTIVE,102.9,113.25,1.05,112.2,1.09,SWING_HIGH,false,BOS,14,14
pos-rs-ord-781,GBPUSD,LONG,GBPUSD-LONG-2019-04-09T07:00:00.000Z,2019-04-09T07:00:00.000Z,2019-04-09T07:05:00.000Z,2019-04-09T07:30:00.000Z,25,1.30831,1.30727,1.30729,1.31069,0.94,STOP,95.88,-97.76,6.58,-104.34,-1.09,SWING_LOW,false,BOS,14,7
pos-rs-ord-782,GBPUSD,LONG,GBPUSD-LONG-2019-04-09T10:00:00.000Z,2019-04-09T10:00:00.000Z,2019-04-09T10:10:00.000Z,2019-04-09T13:00:00.000Z,170,1.30855,1.30552,1.30554,1.31641,0.34,STOP,102.34,-103.02,2.38,-105.4,-1.03,SWING_LOW,false,CHOCH,14,10
pos-rs-ord-783,GBPUSD,SHORT,GBPUSD-SHORT-2019-04-16T08:45:00.000Z,2019-04-16T08:45:00.000Z,2019-04-16T09:10:00.000Z,2019-04-16T14:00:00.000Z,290,1.3084,1.30506,1.30994,1.30506,0.64,TARGET,98.56,213.76,4.48,209.28,2.12,SWING_HIGH,false,BOS,14,9
pos-rs-ord-784,EURUSD,SHORT,EURUSD-SHORT-2019-04-16T10:30:00.000Z,2019-04-16T10:30:00.000Z,2019-04-16T11:00:00.000Z,2019-04-17T08:15:00.000Z,1275,1.13001,1.13151,1.13149,1.12576,0.63,STOP,93.24,-94.5,4.41,-98.91,-1.06,SWING_HIGH,false,BOS,14,11
pos-rs-ord-789,USDJPY,SHORT,USDJPY-SHORT-2019-06-06T14:00:00.000Z,2019-06-06T14:00:00.000Z,2019-06-06T14:00:00.000Z,2019-06-06T14:40:00.000Z,40,108.12,108.255,108.253,107.819,0.79,STOP,97.19,-98.54,5.53,-104.07,-1.07,EQUAL_HIGHS,false,CHOCH,14,14
